{"Records":[{"eventVersion":"1.08","userIdentity":{"type":"AssumedRole","principalId":"AROA52GPOBQCC7XDYTFFH:resource-explorer-2","arn":"arn:aws:sts::949622803460:assumed-role/AWSServiceRoleForResourceExplorer/resource-explorer-2","accountId":"949622803460","accessKeyId":"ASIA52GPOBQCE4SBV7NT","sessionContext":{"sessionIssuer":{"type":"Role","principalId":"AROA52GPOBQCC7XDYTFFH","arn":"arn:aws:iam::949622803460:role/aws-service-role/resource-explorer-2.amazonaws.com/AWSServiceRoleForResourceExplorer","accountId":"949622803460","userName":"AWSServiceRoleForResourceExplorer"},"webIdFederationData":{},"attributes":{"creationDate":"2023-11-02T08:01:49Z","mfaAuthenticated":"false"}},"invokedBy":"resource-explorer-2.amazonaws.com"},"eventTime":"2023-11-02T08:01:49Z","eventSource":"elasticache.amazonaws.com","eventName":"DescribeUserGroups","awsRegion":"ap-southeast-1","sourceIPAddress":"resource-explorer-2.amazonaws.com","userAgent":"resource-explorer-2.amazonaws.com","requestParameters":null,"responseElements":null,"requestID":"3a293562-e069-404c-9979-923131ed40f9","eventID":"b5bdc8c5-20cf-4819-84ca-eb37fca0b732","readOnly":true,"eventType":"AwsApiCall","managementEvent":true,"recipientAccountId":"949622803460","eventCategory":"Management"}]}