{"Records":[{"eventVersion":"1.08","userIdentity":{"type":"IAMUser","principalId":"AIDA52GPOBQCMZGBDCDL6","arn":"arn:aws:iam::949622803460:user/forela-superuser","accountId":"949622803460","userName":"forela-superuser"},"eventTime":"2023-11-02T13:24:34Z","eventSource":"signin.amazonaws.com","eventName":"ConsoleLogin","awsRegion":"ap-southeast-1","sourceIPAddress":"52.77.60.127","userAgent":"Mozilla/5.0 (Windows NT 10.0; Win64; x64) AppleWebKit/537.36 (KHTML, like Gecko) Chrome/118.0.0.0 Safari/537.36","requestParameters":null,"responseElements":{"ConsoleLogin":"Success"},"additionalEventData":{"LoginTo":"https://s3.console.aws.amazon.com/s3/buckets/forela-fileshare?region=us-east-1&state=hashArgs%23&tab=permissions&isauthcode=true","MobileVersion":"No","MFAUsed":"No"},"eventID":"878b9818-e73d-43b9-87b7-5d7e5b183eab","readOnly":false,"eventType":"AwsConsoleSignIn","managementEvent":true,"recipientAccountId":"949622803460","eventCategory":"Management","tlsDetails":{"tlsVersion":"TLSv1.3","cipherSuite":"TLS_AES_128_GCM_SHA256","clientProvidedHostHeader":"ap-southeast-1.signin.aws.amazon.com"}}]}



