{"Records":[{"eventVersion":"1.09","userIdentity":{"type":"IAMUser","principalId":"AIDA52GPOBQCMZGBDCDL6","arn":"arn:aws:iam::949622803460:user/forela-superuser","accountId":"949622803460","accessKeyId":"ASIA52GPOBQCGR5D6SON","userName":"forela-superuser","sessionContext":{"attributes":{"creationDate":"2023-11-02T13:24:35Z","mfaAuthenticated":"false"}}},"eventTime":"2023-11-02T14:14:15Z","eventSource":"s3.amazonaws.com","eventName":"ListBuckets","awsRegion":"ap-southeast-1","sourceIPAddress":"52.77.60.127","userAgent":"[S3Console/0.4, aws-internal/3 aws-sdk-java/1.12.488 Linux/5.10.197-164.748.amzn2int.x86_64 OpenJDK_64-Bit_Server_VM/25.372-b08 java/1.8.0_372 vendor/Oracle_Corporation cfg/retry-mode/standard]","requestParameters":{"Host":"s3.ap-southeast-1.amazonaws.com"},"responseElements":null,"additionalEventData":{"SignatureVersion":"SigV4","CipherSuite":"ECDHE-RSA-AES128-GCM-SHA256","bytesTransferredIn":0,"AuthenticationMethod":"AuthHeader","x-amz-id-2":"nlyMJRLkL2FR0iLMyQzM84i4TcQuycqtT1YCQKaeUBUEvSn8IBGg3x73NusmrIcdBtF6oQkGq/I=","bytesTransferredOut":1384},"requestID":"SWHJ12A2PGVZJ7SW","eventID":"ab77cef3-86b5-49b1-afe6-bc1a16483896","readOnly":true,"eventType":"AwsApiCall","managementEvent":true,"recipientAccountId":"949622803460","vpcEndpointId":"vpce-c94096a0","eventCategory":"Management","tlsDetails":{"tlsVersion":"TLSv1.2","cipherSuite":"ECDHE-RSA-AES128-GCM-SHA256","clientProvidedHostHeader":"s3.ap-southeast-1.amazonaws.com"}}]}



