{"Records":[{"eventVersion":"1.08","userIdentity":{"type":"AssumedRole","principalId":"AROA52GPOBQCC7XDYTFFH:resource-explorer-2","arn":"arn:aws:sts::949622803460:assumed-role/AWSServiceRoleForResourceExplorer/resource-explorer-2","accountId":"949622803460","accessKeyId":"ASIA52GPOBQCNACKADM5","sessionContext":{"sessionIssuer":{"type":"Role","principalId":"AROA52GPOBQCC7XDYTFFH","arn":"arn:aws:iam::949622803460:role/aws-service-role/resource-explorer-2.amazonaws.com/AWSServiceRoleForResourceExplorer","accountId":"949622803460","userName":"AWSServiceRoleForResourceExplorer"},"attributes":{"creationDate":"2023-11-02T05:20:22Z","mfaAuthenticated":"false"}},"invokedBy":"resource-explorer-2.amazonaws.com"},"eventTime":"2023-11-02T05:20:22Z","eventSource":"dynamodb.amazonaws.com","eventName":"ListTables","awsRegion":"ap-southeast-1","sourceIPAddress":"resource-explorer-2.amazonaws.com","userAgent":"resource-explorer-2.amazonaws.com","requestParameters":{"limit":100},"responseElements":null,"requestID":"BEH6U6RJEAOK6CB58C7LP38H27VV4KQNSO5AEMVJF66Q9ASUAAJG","eventID":"38786272-4619-4412-b7c1-0523da33a921","readOnly":true,"eventType":"AwsApiCall","apiVersion":"2012-08-10","managementEvent":true,"recipientAccountId":"949622803460","eventCategory":"Management"}]}