{"Records":[{"eventVersion":"1.08","userIdentity":{"type":"IAMUser","principalId":"AIDA52GPOBQCMZGBDCDL6","arn":"arn:aws:iam::949622803460:user/forela-superuser","accountId":"949622803460","accessKeyId":"ASIA52GPOBQCK7W3KSJA","userName":"forela-superuser","sessionContext":{"sessionIssuer":{},"webIdFederationData":{},"attributes":{"creationDate":"2023-11-03T05:52:57Z","mfaAuthenticated":"false"}}},"eventTime":"2023-11-03T06:15:16Z","eventSource":"ec2.amazonaws.com","eventName":"DescribeRegions","awsRegion":"ap-southeast-1","sourceIPAddress":"52.77.60.127","userAgent":"Mozilla/5.0 (Windows NT 10.0; Win64; x64) AppleWebKit/537.36 (KHTML, like Gecko) Chrome/118.0.0.0 Safari/537.36","requestParameters":{"regionSet":{},"allRegions":true},"responseElements":null,"requestID":"4a1e6bd6-0efb-444d-8454-2e7b2023f17c","eventID":"63a20b0b-b4db-4b7b-98fa-2cd154fd2912","readOnly":true,"eventType":"AwsApiCall","managementEvent":true,"recipientAccountId":"949622803460","eventCategory":"Management","tlsDetails":{"tlsVersion":"TLSv1.2","cipherSuite":"ECDHE-RSA-AES128-GCM-SHA256","clientProvidedHostHeader":"ec2.ap-southeast-1.amazonaws.com"},"sessionCredentialFromConsole":"true"},{"eventVersion":"1.09","userIdentity":{"type":"IAMUser","principalId":"AIDA52GPOBQCMZGBDCDL6","arn":"arn:aws:iam::949622803460:user/forela-superuser","accountId":"949622803460","accessKeyId":"ASIA52GPOBQCAJ6AXG3T","userName":"forela-superuser","sessionContext":{"attributes":{"creationDate":"2023-11-03T05:52:57Z","mfaAuthenticated":"false"}}},"eventTime":"2023-11-03T06:15:41Z","eventSource":"s3.amazonaws.com","eventName":"ListBuckets","awsRegion":"ap-southeast-1","sourceIPAddress":"52.77.60.127","userAgent":"[S3Console/0.4, aws-internal/3 aws-sdk-java/1.12.488 Linux/5.10.197-164.748.amzn2int.x86_64 OpenJDK_64-Bit_Server_VM/25.372-b08 java/1.8.0_372 vendor/Oracle_Corporation cfg/retry-mode/standard]","requestParameters":{"Host":"s3.ap-southeast-1.amazonaws.com"},"responseElements":null,"additionalEventData":{"SignatureVersion":"SigV4","CipherSuite":"ECDHE-RSA-AES128-GCM-SHA256","bytesTransferredIn":0,"AuthenticationMethod":"AuthHeader","x-amz-id-2":"Jh1NqZ6HEnLBekUuuWyFLV69jcP17JCinI/Ps/ARJum/9HB76X7VFL6Nss/KaIK1Au8htTTlw9M=","bytesTransferredOut":1384},"requestID":"M80S3J7CNAMX2T2H","eventID":"2b31184e-1895-4cc3-a48a-7e451a13d42d","readOnly":true,"eventType":"AwsApiCall","managementEvent":true,"recipientAccountId":"949622803460","vpcEndpointId":"vpce-c94096a0","eventCategory":"Management","tlsDetails":{"tlsVersion":"TLSv1.2","cipherSuite":"ECDHE-RSA-AES128-GCM-SHA256","clientProvidedHostHeader":"s3.ap-southeast-1.amazonaws.com"}}]}



