{"Records":[{"eventVersion":"1.09","userIdentity":{"type":"IAMUser","principalId":"AIDA52GPOBQCMZGBDCDL6","arn":"arn:aws:iam::949622803460:user/forela-superuser","accountId":"949622803460","accessKeyId":"ASIA52GPOBQCAJ6AXG3T","userName":"forela-superuser","sessionContext":{"attributes":{"creationDate":"2023-11-03T05:52:57Z","mfaAuthenticated":"false"}}},"eventTime":"2023-11-03T05:53:04Z","eventSource":"s3.amazonaws.com","eventName":"ListBuckets","awsRegion":"ap-southeast-1","sourceIPAddress":"52.77.60.127","userAgent":"[S3Console/0.4, aws-internal/3 aws-sdk-java/1.12.488 Linux/5.10.197-164.748.amzn2int.x86_64 OpenJDK_64-Bit_Server_VM/25.372-b08 java/1.8.0_372 vendor/Oracle_Corporation cfg/retry-mode/standard]","requestParameters":{"Host":"s3.ap-southeast-1.amazonaws.com"},"responseElements":null,"additionalEventData":{"SignatureVersion":"SigV4","CipherSuite":"ECDHE-RSA-AES128-GCM-SHA256","bytesTransferredIn":0,"AuthenticationMethod":"AuthHeader","x-amz-id-2":"az7rBOsXQt+7i7v/SBf+pr5Mpnz3jxjznZCwGFVVZLd+hiHpE/BGv8rDIBr8MnNSEwPkBbXoKx0=","bytesTransferredOut":1384},"requestID":"JKWR82AWM28E974M","eventID":"80427275-dcc5-4acc-b5ef-9047df4b26b1","readOnly":true,"eventType":"AwsApiCall","managementEvent":true,"recipientAccountId":"949622803460","vpcEndpointId":"vpce-c94096a0","eventCategory":"Management","tlsDetails":{"tlsVersion":"TLSv1.2","cipherSuite":"ECDHE-RSA-AES128-GCM-SHA256","clientProvidedHostHeader":"s3.ap-southeast-1.amazonaws.com"}},{"eventVersion":"1.08","userIdentity":{"type":"IAMUser","principalId":"AIDA52GPOBQCMZGBDCDL6","arn":"arn:aws:iam::949622803460:user/forela-superuser","accountId":"949622803460","accessKeyId":"ASIA52GPOBQCOSVNC7QX","userName":"forela-superuser","sessionContext":{"sessionIssuer":{},"webIdFederationData":{},"attributes":{"creationDate":"2023-11-03T05:52:57Z","mfaAuthenticated":"false"}}},"eventTime":"2023-11-03T05:53:05Z","eventSource":"ec2.amazonaws.com","eventName":"DescribeRegions","awsRegion":"ap-southeast-1","sourceIPAddress":"52.77.60.127","userAgent":"Mozilla/5.0 (Windows NT 10.0; Win64; x64) AppleWebKit/537.36 (KHTML, like Gecko) Chrome/118.0.0.0 Safari/537.36","requestParameters":{"regionSet":{},"allRegions":true},"responseElements":null,"requestID":"d55e0561-2001-4e6a-bc3b-3040d14843c9","eventID":"aa95e1f0-2570-4791-b056-91f839f97324","readOnly":true,"eventType":"AwsApiCall","managementEvent":true,"recipientAccountId":"949622803460","eventCategory":"Management","tlsDetails":{"tlsVersion":"TLSv1.2","cipherSuite":"ECDHE-RSA-AES128-GCM-SHA256","clientProvidedHostHeader":"ec2.ap-southeast-1.amazonaws.com"},"sessionCredentialFromConsole":"true"},{"eventVersion":"1.08","userIdentity":{"type":"IAMUser","principalId":"AIDA52GPOBQCMZGBDCDL6","arn":"arn:aws:iam::949622803460:user/forela-superuser","accountId":"949622803460","userName":"forela-superuser"},"eventTime":"2023-11-03T05:52:57Z","eventSource":"signin.amazonaws.com","eventName":"ConsoleLogin","awsRegion":"ap-southeast-1","sourceIPAddress":"52.77.60.127","userAgent":"Mozilla/5.0 (Windows NT 10.0; Win64; x64) AppleWebKit/537.36 (KHTML, like Gecko) Chrome/118.0.0.0 Safari/537.36","requestParameters":null,"responseElements":{"ConsoleLogin":"Success"},"additionalEventData":{"LoginTo":"https://s3.console.aws.amazon.com/s3/buckets?region=us-east-1&region=us-east-1&state=hashArgs%23&isauthcode=true","MobileVersion":"No","MFAUsed":"No"},"eventID":"968e3c18-1577-47a3-85a8-0675d9af5cfb","readOnly":false,"eventType":"AwsConsoleSignIn","managementEvent":true,"recipientAccountId":"949622803460","eventCategory":"Management","tlsDetails":{"tlsVersion":"TLSv1.3","cipherSuite":"TLS_AES_128_GCM_SHA256","clientProvidedHostHeader":"ap-southeast-1.signin.aws.amazon.com"}}]}



