{"Records":[{"eventVersion":"1.09","userIdentity":{"type":"IAMUser","principalId":"AIDA52GPOBQCMZGBDCDL6","arn":"arn:aws:iam::949622803460:user/forela-superuser","accountId":"949622803460","accessKeyId":"ASIA52GPOBQCAJ6AXG3T","userName":"forela-superuser","sessionContext":{"attributes":{"creationDate":"2023-11-03T05:52:57Z","mfaAuthenticated":"false"}}},"eventTime":"2023-11-03T06:15:14Z","eventSource":"s3.amazonaws.com","eventName":"ListBuckets","awsRegion":"ap-southeast-1","sourceIPAddress":"52.77.60.127","userAgent":"[S3Console/0.4, aws-internal/3 aws-sdk-java/1.12.488 Linux/5.10.197-164.748.amzn2int.x86_64 OpenJDK_64-Bit_Server_VM/25.372-b08 java/1.8.0_372 vendor/Oracle_Corporation cfg/retry-mode/standard]","requestParameters":{"Host":"s3.ap-southeast-1.amazonaws.com"},"responseElements":null,"additionalEventData":{"SignatureVersion":"SigV4","CipherSuite":"ECDHE-RSA-AES128-GCM-SHA256","bytesTransferredIn":0,"AuthenticationMethod":"AuthHeader","x-amz-id-2":"k+J+ey1KU+CgCZpUHOHquJ1TCbgLirZwjRX/ajbxCkTmLkYVdv8vTiH8O6PMQXS1zL13TVZoS8w=","bytesTransferredOut":1384},"requestID":"YZCSBZ20HKDWC4NW","eventID":"7a30516d-a30c-4f16-b579-600b26813e06","readOnly":true,"eventType":"AwsApiCall","managementEvent":true,"recipientAccountId":"949622803460","vpcEndpointId":"vpce-c94096a0","eventCategory":"Management","tlsDetails":{"tlsVersion":"TLSv1.2","cipherSuite":"ECDHE-RSA-AES128-GCM-SHA256","clientProvidedHostHeader":"s3.ap-southeast-1.amazonaws.com"}}]}



