{"Records":[{"eventVersion":"1.08","userIdentity":{"type":"AWSService","invokedBy":"cloudtrail.amazonaws.com"},"eventTime":"2023-11-02T02:24:45Z","eventSource":"kms.amazonaws.com","eventName":"GenerateDataKey","awsRegion":"eu-central-1","sourceIPAddress":"cloudtrail.amazonaws.com","userAgent":"cloudtrail.amazonaws.com","requestParameters":{"keyId":"arn:aws:kms:eu-central-1:949622803460:key/57a5636c-715e-4bdf-990c-b904d4c1a15f","encryptionContext":{"aws:cloudtrail:arn":"arn:aws:cloudtrail:eu-central-1:949622803460:trail/forela-cloudwatch-logs","aws:s3:arn":"arn:aws:s3:::forela-logstorage/AWSLogs/949622803460/CloudTrail/eu-central-1/2023/11/02/949622803460_CloudTrail_eu-central-1_20231102T0220Z_HffFuuBlQyjT7cQv.json.gz"},"keySpec":"AES_256"},"responseElements":null,"requestID":"93019448-d8a3-42d0-b7ae-9525a5ddc034","eventID":"c4b2111e-3d09-3444-98cd-88a2dfa69dbb","readOnly":true,"resources":[{"accountId":"949622803460","type":"AWS::KMS::Key","ARN":"arn:aws:kms:eu-central-1:949622803460:key/57a5636c-715e-4bdf-990c-b904d4c1a15f"}],"eventType":"AwsApiCall","managementEvent":true,"recipientAccountId":"949622803460","sharedEventID":"6e0a198c-adbe-4464-97d3-5975e3800679","eventCategory":"Management"},{"eventVersion":"1.09","userIdentity":{"type":"AWSService","invokedBy":"cloudtrail.amazonaws.com"},"eventTime":"2023-11-02T02:27:28Z","eventSource":"s3.amazonaws.com","eventName":"GetBucketAcl","awsRegion":"eu-central-1","sourceIPAddress":"cloudtrail.amazonaws.com","userAgent":"cloudtrail.amazonaws.com","requestParameters":{"bucketName":"forela-logstorage","Host":"forela-logstorage.s3.eu-central-1.amazonaws.com","acl":""},"responseElements":null,"additionalEventData":{"SignatureVersion":"SigV4","CipherSuite":"ECDHE-RSA-AES128-GCM-SHA256","bytesTransferredIn":0,"AuthenticationMethod":"AuthHeader","x-amz-id-2":"WTutOVxCNmtecgwWG1ix64wkqm6cBXLS0iDUG7nxWDEh9kErsc0Kij7X+mQvlmqAOAev9kEB0qY=","bytesTransferredOut":480},"requestID":"SSCX9QF1AMXFY4XZ","eventID":"1a1de8ae-8980-43d9-8b9b-8c87fd15bf7b","readOnly":true,"resources":[{"accountId":"949622803460","type":"AWS::S3::Bucket","ARN":"arn:aws:s3:::forela-logstorage"}],"eventType":"AwsApiCall","managementEvent":true,"recipientAccountId":"949622803460","sharedEventID":"22c50e4a-d3a9-410e-95d8-24d3877a3e08","eventCategory":"Management"},{"eventVersion":"1.08","userIdentity":{"type":"AWSService","invokedBy":"cloudtrail.amazonaws.com"},"eventTime":"2023-11-02T02:27:28Z","eventSource":"kms.amazonaws.com","eventName":"GenerateDataKey","awsRegion":"eu-central-1","sourceIPAddress":"cloudtrail.amazonaws.com","userAgent":"cloudtrail.amazonaws.com","requestParameters":{"keySpec":"AES_256","encryptionContext":{"aws:cloudtrail:arn":"arn:aws:cloudtrail:eu-central-1:949622803460:trail/forela-cloudwatch-logs","aws:s3:arn":"arn:aws:s3:::forela-logstorage/AWSLogs/949622803460/CloudTrail/eu-central-1/2023/11/02/949622803460_CloudTrail_eu-central-1_20231102T0230Z_PfbQfkJWL8xY0VP9.json.gz"},"keyId":"arn:aws:kms:eu-central-1:949622803460:key/57a5636c-715e-4bdf-990c-b904d4c1a15f"},"responseElements":null,"requestID":"944c3c20-0aa8-4d80-9240-f012ade9cbbd","eventID":"1d267808-bfcb-3e3c-b445-6f2c1b3543fc","readOnly":true,"resources":[{"accountId":"949622803460","type":"AWS::KMS::Key","ARN":"arn:aws:kms:eu-central-1:949622803460:key/57a5636c-715e-4bdf-990c-b904d4c1a15f"}],"eventType":"AwsApiCall","managementEvent":true,"recipientAccountId":"949622803460","sharedEventID":"ea71e924-67d3-4ca6-aebf-064d8fc3839c","eventCategory":"Management"},{"eventVersion":"1.09","userIdentity":{"type":"AWSService","invokedBy":"cloudtrail.amazonaws.com"},"eventTime":"2023-11-02T02:28:04Z","eventSource":"s3.amazonaws.com","eventName":"GetBucketAcl","awsRegion":"eu-central-1","sourceIPAddress":"cloudtrail.amazonaws.com","userAgent":"cloudtrail.amazonaws.com","requestParameters":{"bucketName":"forela-logstorage","Host":"forela-logstorage.s3.eu-central-1.amazonaws.com","acl":""},"responseElements":null,"additionalEventData":{"SignatureVersion":"SigV4","CipherSuite":"ECDHE-RSA-AES128-GCM-SHA256","bytesTransferredIn":0,"AuthenticationMethod":"AuthHeader","x-amz-id-2":"KrGTAWEIs1OzMKpqK9pn7JouQM65DI7nc8R7zQxJU7mxqOCiYGTN7Kkr5wQhegV2gJ8Oh4TJByCWpHJfVnauKw==","bytesTransferredOut":480},"requestID":"B6KX5S6AMH44NF58","eventID":"1b34f0a9-3563-48e7-9cd2-e45f4c375c32","readOnly":true,"resources":[{"accountId":"949622803460","type":"AWS::S3::Bucket","ARN":"arn:aws:s3:::forela-logstorage"}],"eventType":"AwsApiCall","managementEvent":true,"recipientAccountId":"949622803460","sharedEventID":"a0fda2bf-6b77-4467-a83c-fcf1c409c41e","eventCategory":"Management"},{"eventVersion":"1.08","userIdentity":{"type":"AWSService","invokedBy":"cloudtrail.amazonaws.com"},"eventTime":"2023-11-02T02:28:04Z","eventSource":"kms.amazonaws.com","eventName":"GenerateDataKey","awsRegion":"eu-central-1","sourceIPAddress":"cloudtrail.amazonaws.com","userAgent":"cloudtrail.amazonaws.com","requestParameters":{"keyId":"arn:aws:kms:eu-central-1:949622803460:key/57a5636c-715e-4bdf-990c-b904d4c1a15f","keySpec":"AES_256","encryptionContext":{"aws:cloudtrail:arn":"arn:aws:cloudtrail:eu-central-1:949622803460:trail/forela-cloudwatch-logs","aws:s3:arn":"arn:aws:s3:::forela-logstorage/AWSLogs/949622803460/CloudTrail/eu-west-2/2023/11/02/949622803460_CloudTrail_eu-west-2_20231102T0225Z_tMdiRFWe6ltxIE5H.json.gz"}},"responseElements":null,"requestID":"3e5803ec-a0ca-432b-8c81-2aef7c76ff44","eventID":"43401ae1-46ed-3920-a9ac-64aef8bd96ed","readOnly":true,"resources":[{"accountId":"949622803460","type":"AWS::KMS::Key","ARN":"arn:aws:kms:eu-central-1:949622803460:key/57a5636c-715e-4bdf-990c-b904d4c1a15f"}],"eventType":"AwsApiCall","managementEvent":true,"recipientAccountId":"949622803460","sharedEventID":"6647be4c-bb30-4d13-ac1d-296f11cb7adc","eventCategory":"Management"},{"eventVersion":"1.09","userIdentity":{"type":"AWSService","invokedBy":"cloudtrail.amazonaws.com"},"eventTime":"2023-11-02T02:28:31Z","eventSource":"s3.amazonaws.com","eventName":"GetBucketAcl","awsRegion":"eu-central-1","sourceIPAddress":"cloudtrail.amazonaws.com","userAgent":"cloudtrail.amazonaws.com","requestParameters":{"bucketName":"forela-logstorage","Host":"forela-logstorage.s3.eu-central-1.amazonaws.com","acl":""},"responseElements":null,"additionalEventData":{"SignatureVersion":"SigV4","CipherSuite":"ECDHE-RSA-AES128-GCM-SHA256","bytesTransferredIn":0,"AuthenticationMethod":"AuthHeader","x-amz-id-2":"4c0e5x5Fru0p8XVBOf9myEQHxIeM/Yxf5oJ2Nf0mohOLNzTjPWeql7tG+cBIIQWMBMuyWM2fyFTvcl0Q9dGOIA==","bytesTransferredOut":480},"requestID":"MH5GZ6EEEJV6ZTSD","eventID":"698a1e8b-9f17-4450-8e5e-7b0747cce7c3","readOnly":true,"resources":[{"accountId":"949622803460","type":"AWS::S3::Bucket","ARN":"arn:aws:s3:::forela-logstorage"}],"eventType":"AwsApiCall","managementEvent":true,"recipientAccountId":"949622803460","sharedEventID":"8f54b30f-86fc-4d09-8804-5fe303ae4bf2","eventCategory":"Management"},{"eventVersion":"1.09","userIdentity":{"type":"AWSService","invokedBy":"cloudtrail.amazonaws.com"},"eventTime":"2023-11-02T02:29:06Z","eventSource":"s3.amazonaws.com","eventName":"GetBucketAcl","awsRegion":"eu-central-1","sourceIPAddress":"cloudtrail.amazonaws.com","userAgent":"cloudtrail.amazonaws.com","requestParameters":{"bucketName":"forela-logstorage","Host":"forela-logstorage.s3.eu-central-1.amazonaws.com","acl":""},"responseElements":null,"additionalEventData":{"SignatureVersion":"SigV4","CipherSuite":"ECDHE-RSA-AES128-GCM-SHA256","bytesTransferredIn":0,"AuthenticationMethod":"AuthHeader","x-amz-id-2":"zR+qjWJn0LGYYKHudDkk/G5d3t7bJLlFB8MFX3eQ5qqzOCmT4TBXgn7yq72Y2Iln3exX26uDfhMEuga6ORyChQ==","bytesTransferredOut":480},"requestID":"QW8VKCMYVM7E1REV","eventID":"9e51c680-d2fb-4c41-b46e-2eaa8a0e79a9","readOnly":true,"resources":[{"accountId":"949622803460","type":"AWS::S3::Bucket","ARN":"arn:aws:s3:::forela-logstorage"}],"eventType":"AwsApiCall","managementEvent":true,"recipientAccountId":"949622803460","sharedEventID":"ed36feb3-514a-4777-b57c-a4229c59c4ce","eventCategory":"Management"},{"eventVersion":"1.08","userIdentity":{"type":"AWSService","invokedBy":"cloudtrail.amazonaws.com"},"eventTime":"2023-11-02T02:29:06Z","eventSource":"kms.amazonaws.com","eventName":"GenerateDataKey","awsRegion":"eu-central-1","sourceIPAddress":"cloudtrail.amazonaws.com","userAgent":"cloudtrail.amazonaws.com","requestParameters":{"keyId":"arn:aws:kms:eu-central-1:949622803460:key/57a5636c-715e-4bdf-990c-b904d4c1a15f","encryptionContext":{"aws:cloudtrail:arn":"arn:aws:cloudtrail:eu-central-1:949622803460:trail/forela-cloudwatch-logs","aws:s3:arn":"arn:aws:s3:::forela-logstorage/AWSLogs/949622803460/CloudTrail/ap-northeast-3/2023/11/02/949622803460_CloudTrail_ap-northeast-3_20231102T0225Z_O9oJif18nEobDWsD.json.gz"},"keySpec":"AES_256"},"responseElements":null,"requestID":"bcb8f8a7-d76b-4955-ac8c-a6b51b139139","eventID":"c2e8388d-bd23-3a37-97c5-9fdcc6cd0730","readOnly":true,"resources":[{"accountId":"949622803460","type":"AWS::KMS::Key","ARN":"arn:aws:kms:eu-central-1:949622803460:key/57a5636c-715e-4bdf-990c-b904d4c1a15f"}],"eventType":"AwsApiCall","managementEvent":true,"recipientAccountId":"949622803460","sharedEventID":"f6d19483-99e4-47c0-96c0-8fbd1d9521e5","eventCategory":"Management"},{"eventVersion":"1.08","userIdentity":{"type":"AWSService","invokedBy":"cloudtrail.amazonaws.com"},"eventTime":"2023-11-02T02:29:23Z","eventSource":"kms.amazonaws.com","eventName":"GenerateDataKey","awsRegion":"eu-central-1","sourceIPAddress":"cloudtrail.amazonaws.com","userAgent":"cloudtrail.amazonaws.com","requestParameters":{"keySpec":"AES_256","encryptionContext":{"aws:cloudtrail:arn":"arn:aws:cloudtrail:eu-central-1:949622803460:trail/forela-cloudwatch-logs","aws:s3:arn":"arn:aws:s3:::forela-logstorage/AWSLogs/949622803460/CloudTrail/us-west-1/2023/11/02/949622803460_CloudTrail_us-west-1_20231102T0225Z_cRctwyLfKt7vvS6E.json.gz"},"keyId":"arn:aws:kms:eu-central-1:949622803460:key/57a5636c-715e-4bdf-990c-b904d4c1a15f"},"responseElements":null,"requestID":"8ae05b0b-520a-4bc3-b37d-3c9f3327a9b9","eventID":"35fa1a96-9001-374c-a03d-38fab777066f","readOnly":true,"resources":[{"accountId":"949622803460","type":"AWS::KMS::Key","ARN":"arn:aws:kms:eu-central-1:949622803460:key/57a5636c-715e-4bdf-990c-b904d4c1a15f"}],"eventType":"AwsApiCall","managementEvent":true,"recipientAccountId":"949622803460","sharedEventID":"9646ce73-0a6c-4437-bc74-b137a91bc214","eventCategory":"Management"}]}