{"Records":[{"eventVersion":"1.09","userIdentity":{"type":"AWSService","invokedBy":"cloudtrail.amazonaws.com"},"eventTime":"2023-11-02T00:39:48Z","eventSource":"s3.amazonaws.com","eventName":"GetBucketAcl","awsRegion":"eu-central-1","sourceIPAddress":"cloudtrail.amazonaws.com","userAgent":"cloudtrail.amazonaws.com","requestParameters":{"bucketName":"forela-logstorage","Host":"forela-logstorage.s3.eu-central-1.amazonaws.com","acl":""},"responseElements":null,"additionalEventData":{"SignatureVersion":"SigV4","CipherSuite":"ECDHE-RSA-AES128-GCM-SHA256","bytesTransferredIn":0,"AuthenticationMethod":"AuthHeader","x-amz-id-2":"cGCgNzrB9hUsdKjzwZXl4hrTnw6vRCA6fnpZtLIMWJarN9YCFyu1PtlzcCjfu/Ha7BKUVBnIMK1s3ZbgWXRv5g==","bytesTransferredOut":480},"requestID":"YJ71M2S56E8QP9TQ","eventID":"395c4523-7696-4674-9da8-6013d8968666","readOnly":true,"resources":[{"accountId":"949622803460","type":"AWS::S3::Bucket","ARN":"arn:aws:s3:::forela-logstorage"}],"eventType":"AwsApiCall","managementEvent":true,"recipientAccountId":"949622803460","sharedEventID":"1aeb92ad-b891-4961-b773-6b76b8e4699a","eventCategory":"Management"},{"eventVersion":"1.09","userIdentity":{"type":"AWSService","invokedBy":"cloudtrail.amazonaws.com"},"eventTime":"2023-11-02T00:39:51Z","eventSource":"s3.amazonaws.com","eventName":"GetBucketAcl","awsRegion":"eu-central-1","sourceIPAddress":"cloudtrail.amazonaws.com","userAgent":"cloudtrail.amazonaws.com","requestParameters":{"bucketName":"forela-logstorage","Host":"forela-logstorage.s3.eu-central-1.amazonaws.com","acl":""},"responseElements":null,"additionalEventData":{"SignatureVersion":"SigV4","CipherSuite":"ECDHE-RSA-AES128-GCM-SHA256","bytesTransferredIn":0,"AuthenticationMethod":"AuthHeader","x-amz-id-2":"9k3QA1SELz9Bs/RpaHsTdUL2TYBUlK2R+fCyAz20yX4sB6vf2aW5S4RbRJyYSURKouU1pvXTo7I=","bytesTransferredOut":480},"requestID":"FZVHT615VGEBV3FM","eventID":"a14c23bd-1189-4c9f-9d06-2df628acc440","readOnly":true,"resources":[{"accountId":"949622803460","type":"AWS::S3::Bucket","ARN":"arn:aws:s3:::forela-logstorage"}],"eventType":"AwsApiCall","managementEvent":true,"recipientAccountId":"949622803460","sharedEventID":"2325aeec-8a41-4d1c-9ada-f894373fde1d","eventCategory":"Management"},{"eventVersion":"1.08","userIdentity":{"type":"AWSService","invokedBy":"cloudtrail.amazonaws.com"},"eventTime":"2023-11-02T00:39:48Z","eventSource":"kms.amazonaws.com","eventName":"GenerateDataKey","awsRegion":"eu-central-1","sourceIPAddress":"cloudtrail.amazonaws.com","userAgent":"cloudtrail.amazonaws.com","requestParameters":{"keyId":"arn:aws:kms:eu-central-1:949622803460:key/57a5636c-715e-4bdf-990c-b904d4c1a15f","keySpec":"AES_256","encryptionContext":{"aws:cloudtrail:arn":"arn:aws:cloudtrail:eu-central-1:949622803460:trail/forela-cloudwatch-logs","aws:s3:arn":"arn:aws:s3:::forela-logstorage/AWSLogs/949622803460/CloudTrail/eu-central-1/2023/11/02/949622803460_CloudTrail_eu-central-1_20231102T0040Z_hR7ypcx515WNbo3P.json.gz"}},"responseElements":null,"requestID":"abff6d0f-838e-4d23-b5e0-e70ad1cc69ca","eventID":"18273365-b5a4-3793-a7ef-cd1181052e8d","readOnly":true,"resources":[{"accountId":"949622803460","type":"AWS::KMS::Key","ARN":"arn:aws:kms:eu-central-1:949622803460:key/57a5636c-715e-4bdf-990c-b904d4c1a15f"}],"eventType":"AwsApiCall","managementEvent":true,"recipientAccountId":"949622803460","sharedEventID":"9f943237-2811-4eaa-a275-d0327967444d","eventCategory":"Management"},{"eventVersion":"1.09","userIdentity":{"type":"AWSService","invokedBy":"cloudtrail.amazonaws.com"},"eventTime":"2023-11-02T00:39:58Z","eventSource":"s3.amazonaws.com","eventName":"GetBucketAcl","awsRegion":"eu-central-1","sourceIPAddress":"cloudtrail.amazonaws.com","userAgent":"cloudtrail.amazonaws.com","requestParameters":{"bucketName":"forela-logstorage","Host":"forela-logstorage.s3.eu-central-1.amazonaws.com","acl":""},"responseElements":null,"additionalEventData":{"SignatureVersion":"SigV4","CipherSuite":"ECDHE-RSA-AES128-GCM-SHA256","bytesTransferredIn":0,"AuthenticationMethod":"AuthHeader","x-amz-id-2":"O7XA8rQ4ivZ0w7Ns2zjHtvz/V9Np21ZcFuW1JC6wo1P9WNLEdbN8++0vuhn//nTV7iqIJ8CLIC4=","bytesTransferredOut":480},"requestID":"5AZW2BGRKN16NT5D","eventID":"c7b538d0-6907-4759-ba9d-64365726c154","readOnly":true,"resources":[{"accountId":"949622803460","type":"AWS::S3::Bucket","ARN":"arn:aws:s3:::forela-logstorage"}],"eventType":"AwsApiCall","managementEvent":true,"recipientAccountId":"949622803460","sharedEventID":"753a66a4-e27c-4734-ae06-89ece6dcd088","eventCategory":"Management"},{"eventVersion":"1.08","userIdentity":{"type":"AWSService","invokedBy":"cloudtrail.amazonaws.com"},"eventTime":"2023-11-02T00:39:58Z","eventSource":"kms.amazonaws.com","eventName":"GenerateDataKey","awsRegion":"eu-central-1","sourceIPAddress":"cloudtrail.amazonaws.com","userAgent":"cloudtrail.amazonaws.com","requestParameters":{"keyId":"arn:aws:kms:eu-central-1:949622803460:key/57a5636c-715e-4bdf-990c-b904d4c1a15f","encryptionContext":{"aws:cloudtrail:arn":"arn:aws:cloudtrail:eu-central-1:949622803460:trail/forela-cloudwatch-logs","aws:s3:arn":"arn:aws:s3:::forela-logstorage/AWSLogs/949622803460/CloudTrail/sa-east-1/2023/11/02/949622803460_CloudTrail_sa-east-1_20231102T0035Z_6Bk4p68EhdfYERM7.json.gz"},"keySpec":"AES_256"},"responseElements":null,"requestID":"af31c034-9421-4ef6-91ba-381a6de8f960","eventID":"30b934ca-3eab-3469-be0a-38d48698b460","readOnly":true,"resources":[{"accountId":"949622803460","type":"AWS::KMS::Key","ARN":"arn:aws:kms:eu-central-1:949622803460:key/57a5636c-715e-4bdf-990c-b904d4c1a15f"}],"eventType":"AwsApiCall","managementEvent":true,"recipientAccountId":"949622803460","sharedEventID":"f9e23fc4-ce12-4c63-9ff7-8aaeff95f462","eventCategory":"Management"},{"eventVersion":"1.09","userIdentity":{"type":"AWSService","invokedBy":"cloudtrail.amazonaws.com"},"eventTime":"2023-11-02T00:40:03Z","eventSource":"s3.amazonaws.com","eventName":"GetBucketAcl","awsRegion":"eu-central-1","sourceIPAddress":"cloudtrail.amazonaws.com","userAgent":"cloudtrail.amazonaws.com","requestParameters":{"bucketName":"forela-logstorage","Host":"forela-logstorage.s3.eu-central-1.amazonaws.com","acl":""},"responseElements":null,"additionalEventData":{"SignatureVersion":"SigV4","CipherSuite":"ECDHE-RSA-AES128-GCM-SHA256","bytesTransferredIn":0,"AuthenticationMethod":"AuthHeader","x-amz-id-2":"XC3uIlm+G6sUQtG752tPOUB/20leuDkYHwpzgPzzPWqiOUeRzzUOgKbWCFQw+u8HRYJWMlnLymfFndHFbs1qcA==","bytesTransferredOut":480},"requestID":"DPG86VFNTD4MEDC5","eventID":"ae18d9f9-fa33-4ddf-9952-086e7638c1d1","readOnly":true,"resources":[{"accountId":"949622803460","type":"AWS::S3::Bucket","ARN":"arn:aws:s3:::forela-logstorage"}],"eventType":"AwsApiCall","managementEvent":true,"recipientAccountId":"949622803460","sharedEventID":"fdcc327a-dc44-4132-997b-a445559dc40a","eventCategory":"Management"},{"eventVersion":"1.09","userIdentity":{"type":"AWSService","invokedBy":"cloudtrail.amazonaws.com"},"eventTime":"2023-11-02T00:41:04Z","eventSource":"s3.amazonaws.com","eventName":"GetBucketAcl","awsRegion":"eu-central-1","sourceIPAddress":"cloudtrail.amazonaws.com","userAgent":"cloudtrail.amazonaws.com","requestParameters":{"bucketName":"forela-logstorage","Host":"forela-logstorage.s3.eu-central-1.amazonaws.com","acl":""},"responseElements":null,"additionalEventData":{"SignatureVersion":"SigV4","CipherSuite":"ECDHE-RSA-AES128-GCM-SHA256","bytesTransferredIn":0,"AuthenticationMethod":"AuthHeader","x-amz-id-2":"ZqdUJBAWthLoGfL/sDb+O6yZQWMULRpc8EYopEqzM8+419Txgwcx+RHpr2CrihW35FGznQbpe/8=","bytesTransferredOut":480},"requestID":"EA5VBCWHHRKRT7Q2","eventID":"e577368e-f59b-4dc1-8eeb-682099cd86ef","readOnly":true,"resources":[{"accountId":"949622803460","type":"AWS::S3::Bucket","ARN":"arn:aws:s3:::forela-logstorage"}],"eventType":"AwsApiCall","managementEvent":true,"recipientAccountId":"949622803460","sharedEventID":"f0312832-1055-4886-a43b-fc1c9d533833","eventCategory":"Management"},{"eventVersion":"1.08","userIdentity":{"type":"AWSService","invokedBy":"cloudtrail.amazonaws.com"},"eventTime":"2023-11-02T00:41:05Z","eventSource":"kms.amazonaws.com","eventName":"GenerateDataKey","awsRegion":"eu-central-1","sourceIPAddress":"cloudtrail.amazonaws.com","userAgent":"cloudtrail.amazonaws.com","requestParameters":{"keySpec":"AES_256","encryptionContext":{"aws:cloudtrail:arn":"arn:aws:cloudtrail:eu-central-1:949622803460:trail/forela-cloudwatch-logs","aws:s3:arn":"arn:aws:s3:::forela-logstorage/AWSLogs/949622803460/CloudTrail/ap-southeast-2/2023/11/02/949622803460_CloudTrail_ap-southeast-2_20231102T0040Z_TjttwHCGRCO06r5v.json.gz"},"keyId":"arn:aws:kms:eu-central-1:949622803460:key/57a5636c-715e-4bdf-990c-b904d4c1a15f"},"responseElements":null,"requestID":"e7f8859d-cb94-4f46-8f67-f13c8103d310","eventID":"dfc7cfcf-d863-307a-b1f2-c03ba8720749","readOnly":true,"resources":[{"accountId":"949622803460","type":"AWS::KMS::Key","ARN":"arn:aws:kms:eu-central-1:949622803460:key/57a5636c-715e-4bdf-990c-b904d4c1a15f"}],"eventType":"AwsApiCall","managementEvent":true,"recipientAccountId":"949622803460","sharedEventID":"142049a3-8a83-40fb-8c9e-f53884480f88","eventCategory":"Management"},{"eventVersion":"1.09","userIdentity":{"type":"AWSService","invokedBy":"cloudtrail.amazonaws.com"},"eventTime":"2023-11-02T00:41:52Z","eventSource":"s3.amazonaws.com","eventName":"GetBucketAcl","awsRegion":"eu-central-1","sourceIPAddress":"cloudtrail.amazonaws.com","userAgent":"cloudtrail.amazonaws.com","requestParameters":{"bucketName":"forela-logstorage","Host":"forela-logstorage.s3.eu-central-1.amazonaws.com","acl":""},"responseElements":null,"additionalEventData":{"SignatureVersion":"SigV4","CipherSuite":"ECDHE-RSA-AES128-GCM-SHA256","bytesTransferredIn":0,"AuthenticationMethod":"AuthHeader","x-amz-id-2":"zIuY10Ekgu3g8Ksh1ZOJl41EMfzH5iksP/7/6fPBT3Cj1Y3hB2jejDxhx0lTzHlsSeBA36xRbv0=","bytesTransferredOut":480},"requestID":"3SF76PVDFPA23FK1","eventID":"c8ecc0a3-cbf3-491a-8f66-b8f14a0ef4d5","readOnly":true,"resources":[{"accountId":"949622803460","type":"AWS::S3::Bucket","ARN":"arn:aws:s3:::forela-logstorage"}],"eventType":"AwsApiCall","managementEvent":true,"recipientAccountId":"949622803460","sharedEventID":"02601fa9-f1e5-4221-ba39-21763269dd32","eventCategory":"Management"},{"eventVersion":"1.09","userIdentity":{"type":"AWSService","invokedBy":"cloudtrail.amazonaws.com"},"eventTime":"2023-11-02T00:42:45Z","eventSource":"s3.amazonaws.com","eventName":"GetBucketAcl","awsRegion":"eu-central-1","sourceIPAddress":"cloudtrail.amazonaws.com","userAgent":"cloudtrail.amazonaws.com","requestParameters":{"bucketName":"forela-logstorage","Host":"forela-logstorage.s3.eu-central-1.amazonaws.com","acl":""},"responseElements":null,"additionalEventData":{"SignatureVersion":"SigV4","CipherSuite":"ECDHE-RSA-AES128-GCM-SHA256","bytesTransferredIn":0,"AuthenticationMethod":"AuthHeader","x-amz-id-2":"6YviHvdhQJ7q94Wr8L+aYju8i1tnDZIL37mqagfJgXuZAmMGXjF/kkCW15X82RehM3bfp/3cZuc=","bytesTransferredOut":480},"requestID":"DS8FGGQ9J7ER96X8","eventID":"de0d5cb3-c498-4c87-b39c-743e524f688f","readOnly":true,"resources":[{"accountId":"949622803460","type":"AWS::S3::Bucket","ARN":"arn:aws:s3:::forela-logstorage"}],"eventType":"AwsApiCall","managementEvent":true,"recipientAccountId":"949622803460","sharedEventID":"79dd4e02-14e3-490a-9b68-a48ab12123ed","eventCategory":"Management"},{"eventVersion":"1.08","userIdentity":{"type":"AWSService","invokedBy":"cloudtrail.amazonaws.com"},"eventTime":"2023-11-02T00:42:45Z","eventSource":"kms.amazonaws.com","eventName":"GenerateDataKey","awsRegion":"eu-central-1","sourceIPAddress":"cloudtrail.amazonaws.com","userAgent":"cloudtrail.amazonaws.com","requestParameters":{"keySpec":"AES_256","keyId":"arn:aws:kms:eu-central-1:949622803460:key/57a5636c-715e-4bdf-990c-b904d4c1a15f","encryptionContext":{"aws:cloudtrail:arn":"arn:aws:cloudtrail:eu-central-1:949622803460:trail/forela-cloudwatch-logs","aws:s3:arn":"arn:aws:s3:::forela-logstorage/AWSLogs/949622803460/CloudTrail/eu-central-1/2023/11/02/949622803460_CloudTrail_eu-central-1_20231102T0045Z_aTXdROAhWCTUsA6L.json.gz"}},"responseElements":null,"requestID":"daafca06-27ea-42d4-904a-8996002d510d","eventID":"ed43b237-42fe-365a-8b97-f0b7caf4cf79","readOnly":true,"resources":[{"accountId":"949622803460","type":"AWS::KMS::Key","ARN":"arn:aws:kms:eu-central-1:949622803460:key/57a5636c-715e-4bdf-990c-b904d4c1a15f"}],"eventType":"AwsApiCall","managementEvent":true,"recipientAccountId":"949622803460","sharedEventID":"64ef7119-fad7-48f8-854d-27be64759c91","eventCategory":"Management"},{"eventVersion":"1.09","userIdentity":{"type":"AWSService","invokedBy":"cloudtrail.amazonaws.com"},"eventTime":"2023-11-02T00:43:00Z","eventSource":"s3.amazonaws.com","eventName":"GetBucketAcl","awsRegion":"eu-central-1","sourceIPAddress":"cloudtrail.amazonaws.com","userAgent":"cloudtrail.amazonaws.com","requestParameters":{"bucketName":"forela-logstorage","Host":"forela-logstorage.s3.eu-central-1.amazonaws.com","acl":""},"responseElements":null,"additionalEventData":{"SignatureVersion":"SigV4","CipherSuite":"ECDHE-RSA-AES128-GCM-SHA256","bytesTransferredIn":0,"AuthenticationMethod":"AuthHeader","x-amz-id-2":"IS3Pks7K7UUVGAqLk1qqRtZYr2lZojD0Fuq/vSY90eimbSFy6OJYLwSGLtvtGAIXLI9NeiKqsAw=","bytesTransferredOut":480},"requestID":"NE2ECQA6KBBCSSQK","eventID":"307dc887-d37d-4298-a97e-ddb88fbf241f","readOnly":true,"resources":[{"accountId":"949622803460","type":"AWS::S3::Bucket","ARN":"arn:aws:s3:::forela-logstorage"}],"eventType":"AwsApiCall","managementEvent":true,"recipientAccountId":"949622803460","sharedEventID":"a753d9ec-3cfc-4164-bac5-c6dfd651c341","eventCategory":"Management"},{"eventVersion":"1.08","userIdentity":{"type":"AWSService","invokedBy":"cloudtrail.amazonaws.com"},"eventTime":"2023-11-02T00:43:00Z","eventSource":"kms.amazonaws.com","eventName":"GenerateDataKey","awsRegion":"eu-central-1","sourceIPAddress":"cloudtrail.amazonaws.com","userAgent":"cloudtrail.amazonaws.com","requestParameters":{"keySpec":"AES_256","keyId":"arn:aws:kms:eu-central-1:949622803460:key/57a5636c-715e-4bdf-990c-b904d4c1a15f","encryptionContext":{"aws:cloudtrail:arn":"arn:aws:cloudtrail:eu-central-1:949622803460:trail/forela-cloudwatch-logs","aws:s3:arn":"arn:aws:s3:::forela-logstorage/AWSLogs/949622803460/CloudTrail/eu-west-2/2023/11/02/949622803460_CloudTrail_eu-west-2_20231102T0040Z_teTIVb1sWFZmKqnt.json.gz"}},"responseElements":null,"requestID":"f1f6c945-0040-4675-a363-5e843c16e9e7","eventID":"f7874f82-a99e-3bda-8a2e-d1312156d0f0","readOnly":true,"resources":[{"accountId":"949622803460","type":"AWS::KMS::Key","ARN":"arn:aws:kms:eu-central-1:949622803460:key/57a5636c-715e-4bdf-990c-b904d4c1a15f"}],"eventType":"AwsApiCall","managementEvent":true,"recipientAccountId":"949622803460","sharedEventID":"2c8f7017-5d9d-4d5b-be43-4fc3e63e4ddc","eventCategory":"Management"},{"eventVersion":"1.08","userIdentity":{"type":"AWSService","invokedBy":"cloudtrail.amazonaws.com"},"eventTime":"2023-11-02T00:43:00Z","eventSource":"kms.amazonaws.com","eventName":"GenerateDataKey","awsRegion":"eu-central-1","sourceIPAddress":"cloudtrail.amazonaws.com","userAgent":"cloudtrail.amazonaws.com","requestParameters":{"keyId":"arn:aws:kms:eu-central-1:949622803460:key/57a5636c-715e-4bdf-990c-b904d4c1a15f","encryptionContext":{"aws:cloudtrail:arn":"arn:aws:cloudtrail:eu-central-1:949622803460:trail/forela-cloudwatch-logs","aws:s3:arn":"arn:aws:s3:::forela-logstorage/AWSLogs/949622803460/CloudTrail/eu-west-2/2023/11/02/949622803460_CloudTrail_eu-west-2_20231102T0040Z_PskSdrVK11VJFimO.json.gz"},"keySpec":"AES_256"},"responseElements":null,"requestID":"5caf97bf-3925-48f7-adef-e498ff2afa47","eventID":"238cec9f-ccb6-35ec-8552-acc520c31ac3","readOnly":true,"resources":[{"accountId":"949622803460","type":"AWS::KMS::Key","ARN":"arn:aws:kms:eu-central-1:949622803460:key/57a5636c-715e-4bdf-990c-b904d4c1a15f"}],"eventType":"AwsApiCall","managementEvent":true,"recipientAccountId":"949622803460","sharedEventID":"7f2a9139-7aeb-4c36-b650-7e7d00f3c4b3","eventCategory":"Management"},{"eventVersion":"1.08","userIdentity":{"type":"AWSService","invokedBy":"cloudtrail.amazonaws.com"},"eventTime":"2023-11-02T00:43:30Z","eventSource":"kms.amazonaws.com","eventName":"GenerateDataKey","awsRegion":"eu-central-1","sourceIPAddress":"cloudtrail.amazonaws.com","userAgent":"cloudtrail.amazonaws.com","requestParameters":{"keySpec":"AES_256","encryptionContext":{"aws:cloudtrail:arn":"arn:aws:cloudtrail:eu-central-1:949622803460:trail/forela-cloudwatch-logs","aws:s3:arn":"arn:aws:s3:::forela-logstorage/AWSLogs/949622803460/CloudTrail/eu-west-2/2023/11/02/949622803460_CloudTrail_eu-west-2_20231102T0040Z_Id3r28AYuBMHPLKg.json.gz"},"keyId":"arn:aws:kms:eu-central-1:949622803460:key/57a5636c-715e-4bdf-990c-b904d4c1a15f"},"responseElements":null,"requestID":"93fa3b99-0f68-49c8-a75d-714435480ff6","eventID":"18a8eb24-667e-3e3b-a171-7bd28e4d4a2c","readOnly":true,"resources":[{"accountId":"949622803460","type":"AWS::KMS::Key","ARN":"arn:aws:kms:eu-central-1:949622803460:key/57a5636c-715e-4bdf-990c-b904d4c1a15f"}],"eventType":"AwsApiCall","managementEvent":true,"recipientAccountId":"949622803460","sharedEventID":"796d1255-9487-4950-a7e1-72c5ca6d6a63","eventCategory":"Management"},{"eventVersion":"1.09","userIdentity":{"type":"AWSService","invokedBy":"cloudtrail.amazonaws.com"},"eventTime":"2023-11-02T00:44:50Z","eventSource":"s3.amazonaws.com","eventName":"GetBucketAcl","awsRegion":"eu-central-1","sourceIPAddress":"cloudtrail.amazonaws.com","userAgent":"cloudtrail.amazonaws.com","requestParameters":{"bucketName":"forela-logstorage","Host":"forela-logstorage.s3.eu-central-1.amazonaws.com","acl":""},"responseElements":null,"additionalEventData":{"SignatureVersion":"SigV4","CipherSuite":"ECDHE-RSA-AES128-GCM-SHA256","bytesTransferredIn":0,"AuthenticationMethod":"AuthHeader","x-amz-id-2":"GMtUNitTaL1D73JGE+w1wrudjEyybeVCieJ9nObJ1a86+BkpPgOBe+MY5gX+3SnseaAU/dIalIk=","bytesTransferredOut":480},"requestID":"7E1HH9SZYQRXKQKC","eventID":"b4ac2877-1083-4981-a6a9-6b2ca855247c","readOnly":true,"resources":[{"accountId":"949622803460","type":"AWS::S3::Bucket","ARN":"arn:aws:s3:::forela-logstorage"}],"eventType":"AwsApiCall","managementEvent":true,"recipientAccountId":"949622803460","sharedEventID":"28f7b4c4-b262-4066-970f-02df37bdb01d","eventCategory":"Management"}]}