{"Records":[{"eventVersion":"1.08","userIdentity":{"type":"AWSService","invokedBy":"cloudtrail.amazonaws.com"},"eventTime":"2023-11-02T01:24:57Z","eventSource":"kms.amazonaws.com","eventName":"GenerateDataKey","awsRegion":"eu-central-1","sourceIPAddress":"cloudtrail.amazonaws.com","userAgent":"cloudtrail.amazonaws.com","requestParameters":{"encryptionContext":{"aws:cloudtrail:arn":"arn:aws:cloudtrail:eu-central-1:949622803460:trail/forela-cloudwatch-logs","aws:s3:arn":"arn:aws:s3:::forela-logstorage/AWSLogs/949622803460/CloudTrail/eu-central-1/2023/11/02/949622803460_CloudTrail_eu-central-1_20231102T0125Z_0zgnN3VoN41soNN0.json.gz"},"keyId":"arn:aws:kms:eu-central-1:949622803460:key/57a5636c-715e-4bdf-990c-b904d4c1a15f","keySpec":"AES_256"},"responseElements":null,"requestID":"a7e18bb6-1965-4636-9030-33d97df23f22","eventID":"3609a3d9-4ecb-38c6-b0fb-61abbf129301","readOnly":true,"resources":[{"accountId":"949622803460","type":"AWS::KMS::Key","ARN":"arn:aws:kms:eu-central-1:949622803460:key/57a5636c-715e-4bdf-990c-b904d4c1a15f"}],"eventType":"AwsApiCall","managementEvent":true,"recipientAccountId":"949622803460","sharedEventID":"3df76be3-57fd-4df5-b5ab-5206fbcb97a7","eventCategory":"Management"},{"eventVersion":"1.08","userIdentity":{"type":"AWSService","invokedBy":"cloudtrail.amazonaws.com"},"eventTime":"2023-11-02T01:27:02Z","eventSource":"kms.amazonaws.com","eventName":"GenerateDataKey","awsRegion":"eu-central-1","sourceIPAddress":"cloudtrail.amazonaws.com","userAgent":"cloudtrail.amazonaws.com","requestParameters":{"keyId":"arn:aws:kms:eu-central-1:949622803460:key/57a5636c-715e-4bdf-990c-b904d4c1a15f","keySpec":"AES_256","encryptionContext":{"aws:cloudtrail:arn":"arn:aws:cloudtrail:eu-central-1:949622803460:trail/forela-cloudwatch-logs","aws:s3:arn":"arn:aws:s3:::forela-logstorage/AWSLogs/949622803460/CloudTrail/us-east-1/2023/11/02/949622803460_CloudTrail_us-east-1_20231102T0125Z_4xmDnGO2IXVD685S.json.gz"}},"responseElements":null,"requestID":"ecf55516-b544-459c-83c5-bea1bfae702c","eventID":"d42e3ba6-af16-3763-8e0f-5daa5fad9922","readOnly":true,"resources":[{"accountId":"949622803460","type":"AWS::KMS::Key","ARN":"arn:aws:kms:eu-central-1:949622803460:key/57a5636c-715e-4bdf-990c-b904d4c1a15f"}],"eventType":"AwsApiCall","managementEvent":true,"recipientAccountId":"949622803460","sharedEventID":"47b3ecf4-e688-43f2-a6ce-684361386b57","eventCategory":"Management"}]}