{"Records":[{"eventVersion":"1.09","userIdentity":{"type":"AWSService","invokedBy":"cloudtrail.amazonaws.com"},"eventTime":"2023-11-02T04:58:29Z","eventSource":"s3.amazonaws.com","eventName":"GetBucketAcl","awsRegion":"eu-central-1","sourceIPAddress":"cloudtrail.amazonaws.com","userAgent":"cloudtrail.amazonaws.com","requestParameters":{"bucketName":"forela-logstorage","Host":"forela-logstorage.s3.eu-central-1.amazonaws.com","acl":""},"responseElements":null,"additionalEventData":{"SignatureVersion":"SigV4","CipherSuite":"ECDHE-RSA-AES128-GCM-SHA256","bytesTransferredIn":0,"AuthenticationMethod":"AuthHeader","x-amz-id-2":"X7jldsFeSvRlnyoXnHvX7sHFnPrVK5cymC2eVlryE+mf86aCVieNJrvCkB0VfZD1PBEtfcGmOHQ=","bytesTransferredOut":480},"requestID":"SHNY10ZS3TEGHPKZ","eventID":"46176465-694d-4299-a166-eab8c284b623","readOnly":true,"resources":[{"accountId":"949622803460","type":"AWS::S3::Bucket","ARN":"arn:aws:s3:::forela-logstorage"}],"eventType":"AwsApiCall","managementEvent":true,"recipientAccountId":"949622803460","sharedEventID":"dd9bb3e3-6f38-4e19-b49c-3fe31e5af61d","eventCategory":"Management"}]}