{"Records":[{"eventVersion":"1.09","userIdentity":{"type":"AWSService","invokedBy":"cloudtrail.amazonaws.com"},"eventTime":"2023-11-02T04:42:16Z","eventSource":"s3.amazonaws.com","eventName":"PutObject","awsRegion":"eu-central-1","sourceIPAddress":"cloudtrail.amazonaws.com","userAgent":"cloudtrail.amazonaws.com","requestParameters":{"bucketName":"forela-logstorage","Host":"forela-logstorage.s3.eu-central-1.amazonaws.com","x-amz-acl":"bucket-owner-full-control","x-amz-server-side-encryption":"AES256","key":"AWSLogs/949622803460/CloudTrail-Digest/ap-southeast-1/2023/11/02/949622803460_CloudTrail-Digest_ap-southeast-1_forela-cloudwatch-logs_eu-central-1_20231102T041349Z.json.gz"},"responseElements":{"x-amz-server-side-encryption":"AES256"},"additionalEventData":{"SignatureVersion":"SigV4","CipherSuite":"ECDHE-RSA-AES128-GCM-SHA256","bytesTransferredIn":722,"SSEApplied":"SSE_S3","AuthenticationMethod":"AuthHeader","x-amz-id-2":"DjXWCd9QrOwyRmE2yWre3guB8Woyfo5vg+Kca4DXWtRaikqQOGBg+Wzq8u6lZHaMoxV8zZQxKeDL8trI37cMhw==","bytesTransferredOut":0},"requestID":"5DAM9HAVB9Z988HG","eventID":"9b9a3242-0772-4599-bef4-c3400b7f71b6","readOnly":false,"resources":[{"type":"AWS::S3::Object","ARN":"arn:aws:s3:::forela-logstorage/AWSLogs/949622803460/CloudTrail-Digest/ap-southeast-1/2023/11/02/949622803460_CloudTrail-Digest_ap-southeast-1_forela-cloudwatch-logs_eu-central-1_20231102T041349Z.json.gz"},{"accountId":"949622803460","type":"AWS::S3::Bucket","ARN":"arn:aws:s3:::forela-logstorage"}],"eventType":"AwsApiCall","managementEvent":false,"recipientAccountId":"949622803460","sharedEventID":"5e9a593e-b768-41e4-8309-c8e3f58b45c4","eventCategory":"Data"}]}