{"Records":[{"eventVersion":"1.09","userIdentity":{"type":"AWSService","invokedBy":"cloudtrail.amazonaws.com"},"eventTime":"2023-11-02T03:38:11Z","eventSource":"s3.amazonaws.com","eventName":"PutObject","awsRegion":"eu-central-1","sourceIPAddress":"cloudtrail.amazonaws.com","userAgent":"cloudtrail.amazonaws.com","requestParameters":{"bucketName":"forela-logstorage","Host":"forela-logstorage.s3.eu-central-1.amazonaws.com","x-amz-acl":"bucket-owner-full-control","x-amz-server-side-encryption":"AES256","key":"AWSLogs/949622803460/CloudTrail-Digest/eu-south-2/2023/11/02/949622803460_CloudTrail-Digest_eu-south-2_forela-cloudwatch-logs_eu-central-1_20231102T031349Z.json.gz"},"responseElements":{"x-amz-server-side-encryption":"AES256"},"additionalEventData":{"SignatureVersion":"SigV4","CipherSuite":"ECDHE-RSA-AES128-GCM-SHA256","bytesTransferredIn":720,"SSEApplied":"SSE_S3","AuthenticationMethod":"AuthHeader","x-amz-id-2":"Rnj4zNrlGf9N6Kmi9oYnm1cvUrVPT57a5GbAnWsiHP2qiRcDXOV6AGDeL5I0fyYtCr3vZoDfsKM7mYfEKROoEQ==","bytesTransferredOut":0},"requestID":"GT1S4EQFRGPEP08T","eventID":"7b9fe0c3-2bba-4646-8a77-de2a8a3f21bb","readOnly":false,"resources":[{"type":"AWS::S3::Object","ARN":"arn:aws:s3:::forela-logstorage/AWSLogs/949622803460/CloudTrail-Digest/eu-south-2/2023/11/02/949622803460_CloudTrail-Digest_eu-south-2_forela-cloudwatch-logs_eu-central-1_20231102T031349Z.json.gz"},{"accountId":"949622803460","type":"AWS::S3::Bucket","ARN":"arn:aws:s3:::forela-logstorage"}],"eventType":"AwsApiCall","managementEvent":false,"recipientAccountId":"949622803460","sharedEventID":"c55287f7-551c-4111-8620-05252ce22731","eventCategory":"Data"},{"eventVersion":"1.09","userIdentity":{"type":"AWSService","invokedBy":"cloudtrail.amazonaws.com"},"eventTime":"2023-11-02T03:39:03Z","eventSource":"s3.amazonaws.com","eventName":"PutObject","awsRegion":"eu-central-1","sourceIPAddress":"cloudtrail.amazonaws.com","userAgent":"cloudtrail.amazonaws.com","requestParameters":{"bucketName":"forela-logstorage","Host":"forela-logstorage.s3.eu-central-1.amazonaws.com","x-amz-acl":"bucket-owner-full-control","x-amz-server-side-encryption":"AES256","key":"AWSLogs/949622803460/CloudTrail-Digest/ap-northeast-3/2023/11/02/949622803460_CloudTrail-Digest_ap-northeast-3_forela-cloudwatch-logs_eu-central-1_20231102T031349Z.json.gz"},"responseElements":{"x-amz-server-side-encryption":"AES256"},"additionalEventData":{"SignatureVersion":"SigV4","CipherSuite":"ECDHE-RSA-AES128-GCM-SHA256","bytesTransferredIn":897,"SSEApplied":"SSE_S3","AuthenticationMethod":"AuthHeader","x-amz-id-2":"3DcMos9tdAsY1Gd1oVOoLvj9utX+IBuoK2+l0kADfBrFtO3uZvSTDajvnq+WQ3VVK30u9SnpzQM=","bytesTransferredOut":0},"requestID":"T4168EMXPPWGCNG3","eventID":"cbc7c562-f375-4a0d-a442-754329d449ce","readOnly":false,"resources":[{"type":"AWS::S3::Object","ARN":"arn:aws:s3:::forela-logstorage/AWSLogs/949622803460/CloudTrail-Digest/ap-northeast-3/2023/11/02/949622803460_CloudTrail-Digest_ap-northeast-3_forela-cloudwatch-logs_eu-central-1_20231102T031349Z.json.gz"},{"accountId":"949622803460","type":"AWS::S3::Bucket","ARN":"arn:aws:s3:::forela-logstorage"}],"eventType":"AwsApiCall","managementEvent":false,"recipientAccountId":"949622803460","sharedEventID":"958dfaef-5f5c-49c9-8008-54ba5c6f3f53","eventCategory":"Data"},{"eventVersion":"1.09","userIdentity":{"type":"AWSService","invokedBy":"cloudtrail.amazonaws.com"},"eventTime":"2023-11-02T03:39:13Z","eventSource":"s3.amazonaws.com","eventName":"PutObject","awsRegion":"eu-central-1","sourceIPAddress":"cloudtrail.amazonaws.com","userAgent":"cloudtrail.amazonaws.com","requestParameters":{"bucketName":"forela-logstorage","Host":"forela-logstorage.s3.eu-central-1.amazonaws.com","x-amz-acl":"bucket-owner-full-control","x-amz-server-side-encryption":"AES256","key":"AWSLogs/949622803460/CloudTrail-Digest/ap-northeast-2/2023/11/02/949622803460_CloudTrail-Digest_ap-northeast-2_forela-cloudwatch-logs_eu-central-1_20231102T031349Z.json.gz"},"responseElements":{"x-amz-server-side-encryption":"AES256"},"additionalEventData":{"SignatureVersion":"SigV4","CipherSuite":"ECDHE-RSA-AES128-GCM-SHA256","bytesTransferredIn":721,"SSEApplied":"SSE_S3","AuthenticationMethod":"AuthHeader","x-amz-id-2":"YaosSopHOr/4ADa3l3rLZ8dszqCj21ZtgS+GMqS5Ki4mdh1NRq7WoLSTEMn5EHINFmBEokSTjv8=","bytesTransferredOut":0},"requestID":"NRJG9RWVK4GVP4SW","eventID":"9f62e7fa-057a-4f82-a738-84d070edbf7c","readOnly":false,"resources":[{"type":"AWS::S3::Object","ARN":"arn:aws:s3:::forela-logstorage/AWSLogs/949622803460/CloudTrail-Digest/ap-northeast-2/2023/11/02/949622803460_CloudTrail-Digest_ap-northeast-2_forela-cloudwatch-logs_eu-central-1_20231102T031349Z.json.gz"},{"accountId":"949622803460","type":"AWS::S3::Bucket","ARN":"arn:aws:s3:::forela-logstorage"}],"eventType":"AwsApiCall","managementEvent":false,"recipientAccountId":"949622803460","sharedEventID":"37dfe581-93fd-44ee-bd70-8faa842c02f5","eventCategory":"Data"}]}