{"Records":[{"eventVersion":"1.09","userIdentity":{"type":"AssumedRole","principalId":"AROA52GPOBQCC7XDYTFFH:resource-explorer-2","arn":"arn:aws:sts::949622803460:assumed-role/AWSServiceRoleForResourceExplorer/resource-explorer-2","accountId":"949622803460","accessKeyId":"ASIA52GPOBQCBUS66VWO","sessionContext":{"sessionIssuer":{"type":"Role","principalId":"AROA52GPOBQCC7XDYTFFH","arn":"arn:aws:iam::949622803460:role/aws-service-role/resource-explorer-2.amazonaws.com/AWSServiceRoleForResourceExplorer","accountId":"949622803460","userName":"AWSServiceRoleForResourceExplorer"},"attributes":{"creationDate":"2023-11-02T00:03:11Z","mfaAuthenticated":"false"}},"invokedBy":"resource-explorer-2.amazonaws.com"},"eventTime":"2023-11-02T00:03:11Z","eventSource":"s3.amazonaws.com","eventName":"HeadBucket","awsRegion":"eu-central-1","sourceIPAddress":"resource-explorer-2.amazonaws.com","userAgent":"resource-explorer-2.amazonaws.com","requestParameters":{"bucketName":"forela-security-project","Host":"forela-security-project.s3.eu-central-1.amazonaws.com"},"responseElements":null,"additionalEventData":{"SignatureVersion":"SigV4","CipherSuite":"ECDHE-RSA-AES128-GCM-SHA256","bytesTransferredIn":0,"AuthenticationMethod":"AuthHeader","x-amz-id-2":"z1Mwpi4PC98crjcBZJJD+49iTupZIuVva8mxU0VPRGg0OKPLLooGfxihJf6R4ClpwsKo8+w5L3c=","bytesTransferredOut":0},"requestID":"QZJNAG90TK0GFW4H","eventID":"69890986-d3d3-4dd0-8232-fc9987e06ef7","readOnly":true,"resources":[{"type":"AWS::S3::Object","ARNPrefix":"arn:aws:s3:::forela-security-project/"},{"accountId":"949622803460","type":"AWS::S3::Bucket","ARN":"arn:aws:s3:::forela-security-project"}],"eventType":"AwsApiCall","managementEvent":false,"recipientAccountId":"949622803460","eventCategory":"Data"}]}
