{"Records":[{"eventVersion":"1.09","userIdentity":{"type":"AWSService","invokedBy":"cloudtrail.amazonaws.com"},"eventTime":"2023-11-02T04:53:24Z","eventSource":"s3.amazonaws.com","eventName":"GetBucketAcl","awsRegion":"eu-central-1","sourceIPAddress":"cloudtrail.amazonaws.com","userAgent":"cloudtrail.amazonaws.com","requestParameters":{"bucketName":"forela-logstorage","Host":"forela-logstorage.s3.eu-central-1.amazonaws.com","acl":""},"responseElements":null,"additionalEventData":{"SignatureVersion":"SigV4","CipherSuite":"ECDHE-RSA-AES128-GCM-SHA256","bytesTransferredIn":0,"AuthenticationMethod":"AuthHeader","x-amz-id-2":"8Cu+q0MqcB1GnzT4qvfSqRr4fF+HkGy7e/jFSGKnP8kT9rpRrjuJcAUUieazPW+InGIG2i+3Ov0bBDDWLEg2sA==","bytesTransferredOut":480},"requestID":"R5HP2RW610T219NN","eventID":"2372a983-425d-478b-813b-64778fa15558","readOnly":true,"resources":[{"accountId":"949622803460","type":"AWS::S3::Bucket","ARN":"arn:aws:s3:::forela-logstorage"}],"eventType":"AwsApiCall","managementEvent":true,"recipientAccountId":"949622803460","sharedEventID":"50a301ff-5214-43c4-b2d7-3776d6841386","eventCategory":"Management"},{"eventVersion":"1.08","userIdentity":{"type":"AWSService","invokedBy":"cloudtrail.amazonaws.com"},"eventTime":"2023-11-02T04:53:24Z","eventSource":"kms.amazonaws.com","eventName":"GenerateDataKey","awsRegion":"eu-central-1","sourceIPAddress":"cloudtrail.amazonaws.com","userAgent":"cloudtrail.amazonaws.com","requestParameters":{"encryptionContext":{"aws:cloudtrail:arn":"arn:aws:cloudtrail:eu-central-1:949622803460:trail/forela-cloudwatch-logs","aws:s3:arn":"arn:aws:s3:::forela-logstorage/AWSLogs/949622803460/CloudTrail/eu-central-1/2023/11/02/949622803460_CloudTrail_eu-central-1_20231102T0455Z_obiQAHODbPCram2o.json.gz"},"keySpec":"AES_256","keyId":"arn:aws:kms:eu-central-1:949622803460:key/57a5636c-715e-4bdf-990c-b904d4c1a15f"},"responseElements":null,"requestID":"9379db93-f0bc-4173-a268-d697201bbe59","eventID":"e8b3b3bb-7d3e-3a60-ad2d-cee6000ee02a","readOnly":true,"resources":[{"accountId":"949622803460","type":"AWS::KMS::Key","ARN":"arn:aws:kms:eu-central-1:949622803460:key/57a5636c-715e-4bdf-990c-b904d4c1a15f"}],"eventType":"AwsApiCall","managementEvent":true,"recipientAccountId":"949622803460","sharedEventID":"024371cb-53e2-4972-8909-89f231946522","eventCategory":"Management"},{"eventVersion":"1.08","userIdentity":{"type":"AWSService","invokedBy":"cloudtrail.amazonaws.com"},"eventTime":"2023-11-02T04:53:55Z","eventSource":"kms.amazonaws.com","eventName":"GenerateDataKey","awsRegion":"eu-central-1","sourceIPAddress":"cloudtrail.amazonaws.com","userAgent":"cloudtrail.amazonaws.com","requestParameters":{"keySpec":"AES_256","keyId":"arn:aws:kms:eu-central-1:949622803460:key/57a5636c-715e-4bdf-990c-b904d4c1a15f","encryptionContext":{"aws:cloudtrail:arn":"arn:aws:cloudtrail:eu-central-1:949622803460:trail/forela-cloudwatch-logs","aws:s3:arn":"arn:aws:s3:::forela-logstorage/AWSLogs/949622803460/CloudTrail/ap-southeast-1/2023/11/02/949622803460_CloudTrail_ap-southeast-1_20231102T0450Z_xcALOqsyLrc28aiK.json.gz"}},"responseElements":null,"requestID":"e341a12f-99df-4b39-9a68-ce9b48595e67","eventID":"90243bf9-2e84-3d34-b978-d48b8255d26a","readOnly":true,"resources":[{"accountId":"949622803460","type":"AWS::KMS::Key","ARN":"arn:aws:kms:eu-central-1:949622803460:key/57a5636c-715e-4bdf-990c-b904d4c1a15f"}],"eventType":"AwsApiCall","managementEvent":true,"recipientAccountId":"949622803460","sharedEventID":"bec1cbff-79b9-4b57-9ee1-f5858a0278d3","eventCategory":"Management"},{"eventVersion":"1.09","userIdentity":{"type":"AWSService","invokedBy":"cloudtrail.amazonaws.com"},"eventTime":"2023-11-02T04:56:09Z","eventSource":"s3.amazonaws.com","eventName":"GetBucketAcl","awsRegion":"eu-central-1","sourceIPAddress":"cloudtrail.amazonaws.com","userAgent":"cloudtrail.amazonaws.com","requestParameters":{"bucketName":"forela-logstorage","Host":"forela-logstorage.s3.eu-central-1.amazonaws.com","acl":""},"responseElements":null,"additionalEventData":{"SignatureVersion":"SigV4","CipherSuite":"ECDHE-RSA-AES128-GCM-SHA256","bytesTransferredIn":0,"AuthenticationMethod":"AuthHeader","x-amz-id-2":"qsSDnNTttaQb2RMviv66Z0ydCqUQE8XWsraNLYc9WRZcJ/ytAqAnjY0ZkwIC4gNIOaDGqVJOG+0=","bytesTransferredOut":480},"requestID":"2JQE7RA49D15Y9DT","eventID":"f71b97ab-6b75-4f9b-b624-b6c07a3440df","readOnly":true,"resources":[{"accountId":"949622803460","type":"AWS::S3::Bucket","ARN":"arn:aws:s3:::forela-logstorage"}],"eventType":"AwsApiCall","managementEvent":true,"recipientAccountId":"949622803460","sharedEventID":"b06fb48e-056d-4d2a-bfa0-3dea4084245c","eventCategory":"Management"},{"eventVersion":"1.08","userIdentity":{"type":"AWSService","invokedBy":"cloudtrail.amazonaws.com"},"eventTime":"2023-11-02T04:56:20Z","eventSource":"kms.amazonaws.com","eventName":"GenerateDataKey","awsRegion":"eu-central-1","sourceIPAddress":"cloudtrail.amazonaws.com","userAgent":"cloudtrail.amazonaws.com","requestParameters":{"encryptionContext":{"aws:cloudtrail:arn":"arn:aws:cloudtrail:eu-central-1:949622803460:trail/forela-cloudwatch-logs","aws:s3:arn":"arn:aws:s3:::forela-logstorage/AWSLogs/949622803460/CloudTrail/eu-west-1/2023/11/02/949622803460_CloudTrail_eu-west-1_20231102T0455Z_W3F99Fv0Tb4EgvpT.json.gz"},"keyId":"arn:aws:kms:eu-central-1:949622803460:key/57a5636c-715e-4bdf-990c-b904d4c1a15f","keySpec":"AES_256"},"responseElements":null,"requestID":"5b439ee0-685f-4f95-af54-30ac751945bb","eventID":"088cd9c3-6c72-393a-a070-7ce5fa43bbfc","readOnly":true,"resources":[{"accountId":"949622803460","type":"AWS::KMS::Key","ARN":"arn:aws:kms:eu-central-1:949622803460:key/57a5636c-715e-4bdf-990c-b904d4c1a15f"}],"eventType":"AwsApiCall","managementEvent":true,"recipientAccountId":"949622803460","sharedEventID":"8a1a789f-8a72-49c2-846c-9650a387dcc8","eventCategory":"Management"},{"eventVersion":"1.09","userIdentity":{"type":"AWSService","invokedBy":"cloudtrail.amazonaws.com"},"eventTime":"2023-11-02T04:57:06Z","eventSource":"s3.amazonaws.com","eventName":"GetBucketAcl","awsRegion":"eu-central-1","sourceIPAddress":"cloudtrail.amazonaws.com","userAgent":"cloudtrail.amazonaws.com","requestParameters":{"bucketName":"forela-logstorage","Host":"forela-logstorage.s3.eu-central-1.amazonaws.com","acl":""},"responseElements":null,"additionalEventData":{"SignatureVersion":"SigV4","CipherSuite":"ECDHE-RSA-AES128-GCM-SHA256","bytesTransferredIn":0,"AuthenticationMethod":"AuthHeader","x-amz-id-2":"zzHXKyt3vht/oQBmvcnFKw88lk1CPQxaTuLDxhF44rgGet3r/70fLotlDdOF/TGbAhFK3J5MceA=","bytesTransferredOut":480},"requestID":"MJW794M8G4VRKE9D","eventID":"1c410071-5434-44a6-88f1-31747cc4ce6a","readOnly":true,"resources":[{"accountId":"949622803460","type":"AWS::S3::Bucket","ARN":"arn:aws:s3:::forela-logstorage"}],"eventType":"AwsApiCall","managementEvent":true,"recipientAccountId":"949622803460","sharedEventID":"0e4775ca-34fd-4c90-9ddc-73a84b40f227","eventCategory":"Management"},{"eventVersion":"1.08","userIdentity":{"type":"AWSService","invokedBy":"cloudtrail.amazonaws.com"},"eventTime":"2023-11-02T04:57:06Z","eventSource":"kms.amazonaws.com","eventName":"GenerateDataKey","awsRegion":"eu-central-1","sourceIPAddress":"cloudtrail.amazonaws.com","userAgent":"cloudtrail.amazonaws.com","requestParameters":{"keyId":"arn:aws:kms:eu-central-1:949622803460:key/57a5636c-715e-4bdf-990c-b904d4c1a15f","keySpec":"AES_256","encryptionContext":{"aws:cloudtrail:arn":"arn:aws:cloudtrail:eu-central-1:949622803460:trail/forela-cloudwatch-logs","aws:s3:arn":"arn:aws:s3:::forela-logstorage/AWSLogs/949622803460/CloudTrail/eu-central-1/2023/11/02/949622803460_CloudTrail_eu-central-1_20231102T0500Z_IfZ6tZbZVJNE2bD0.json.gz"}},"responseElements":null,"requestID":"f9069102-a77a-4c8a-9538-566188a40b5e","eventID":"7273c02b-39f2-33d9-9514-a59fd9ba89df","readOnly":true,"resources":[{"accountId":"949622803460","type":"AWS::KMS::Key","ARN":"arn:aws:kms:eu-central-1:949622803460:key/57a5636c-715e-4bdf-990c-b904d4c1a15f"}],"eventType":"AwsApiCall","managementEvent":true,"recipientAccountId":"949622803460","sharedEventID":"93e580e7-9fdd-4af3-838f-ee35cf850096","eventCategory":"Management"}]}