{"Records":[{"eventVersion":"1.08","userIdentity":{"type":"AWSService","invokedBy":"cloudtrail.amazonaws.com"},"eventTime":"2023-11-02T02:37:07Z","eventSource":"kms.amazonaws.com","eventName":"GenerateDataKey","awsRegion":"eu-central-1","sourceIPAddress":"cloudtrail.amazonaws.com","userAgent":"cloudtrail.amazonaws.com","requestParameters":{"keyId":"arn:aws:kms:eu-central-1:949622803460:key/57a5636c-715e-4bdf-990c-b904d4c1a15f","encryptionContext":{"aws:cloudtrail:arn":"arn:aws:cloudtrail:eu-central-1:949622803460:trail/forela-cloudwatch-logs","aws:s3:arn":"arn:aws:s3:::forela-logstorage/AWSLogs/949622803460/CloudTrail/eu-west-2/2023/11/02/949622803460_CloudTrail_eu-west-2_20231102T0235Z_HKkxpyqEUMsyOwk9.json.gz"},"keySpec":"AES_256"},"responseElements":null,"requestID":"67ae6954-8afa-4528-a070-a0cb69da21c7","eventID":"17d65088-7b81-30aa-b0ac-a0d6af4f70cf","readOnly":true,"resources":[{"accountId":"949622803460","type":"AWS::KMS::Key","ARN":"arn:aws:kms:eu-central-1:949622803460:key/57a5636c-715e-4bdf-990c-b904d4c1a15f"}],"eventType":"AwsApiCall","managementEvent":true,"recipientAccountId":"949622803460","sharedEventID":"7444e472-c40a-4396-bc8f-c1b41287a462","eventCategory":"Management"},{"eventVersion":"1.09","userIdentity":{"type":"AWSService","invokedBy":"cloudtrail.amazonaws.com"},"eventTime":"2023-11-02T02:38:49Z","eventSource":"s3.amazonaws.com","eventName":"GetBucketAcl","awsRegion":"eu-central-1","sourceIPAddress":"cloudtrail.amazonaws.com","userAgent":"cloudtrail.amazonaws.com","requestParameters":{"bucketName":"forela-logstorage","Host":"forela-logstorage.s3.eu-central-1.amazonaws.com","acl":""},"responseElements":null,"additionalEventData":{"SignatureVersion":"SigV4","CipherSuite":"ECDHE-RSA-AES128-GCM-SHA256","bytesTransferredIn":0,"AuthenticationMethod":"AuthHeader","x-amz-id-2":"QTe5qmRncWkGx3lYPF151Ynkn0mjbbboYlT+dw7z/TktIQ+ZWQHXfU2X9Ivi4q7lr327pyWahWV4TKDQIu6zVw==","bytesTransferredOut":480},"requestID":"HMSAGN5A4V77AZGT","eventID":"dba7da60-b658-4469-9304-03c26b279e5e","readOnly":true,"resources":[{"accountId":"949622803460","type":"AWS::S3::Bucket","ARN":"arn:aws:s3:::forela-logstorage"}],"eventType":"AwsApiCall","managementEvent":true,"recipientAccountId":"949622803460","sharedEventID":"c4567734-1696-470f-9895-df3caddb9089","eventCategory":"Management"},{"eventVersion":"1.08","userIdentity":{"type":"AWSService","invokedBy":"cloudtrail.amazonaws.com"},"eventTime":"2023-11-02T02:39:01Z","eventSource":"kms.amazonaws.com","eventName":"GenerateDataKey","awsRegion":"eu-central-1","sourceIPAddress":"cloudtrail.amazonaws.com","userAgent":"cloudtrail.amazonaws.com","requestParameters":{"keyId":"arn:aws:kms:eu-central-1:949622803460:key/57a5636c-715e-4bdf-990c-b904d4c1a15f","encryptionContext":{"aws:cloudtrail:arn":"arn:aws:cloudtrail:eu-central-1:949622803460:trail/forela-cloudwatch-logs","aws:s3:arn":"arn:aws:s3:::forela-logstorage/AWSLogs/949622803460/CloudTrail/eu-central-1/2023/11/02/949622803460_CloudTrail_eu-central-1_20231102T0240Z_1UEZQRlR82ObDwOk.json.gz"},"keySpec":"AES_256"},"responseElements":null,"requestID":"a4751afb-0454-4e81-ac4b-d84ac14a574c","eventID":"e174afdc-71d3-3b27-8de3-9b7c1e378283","readOnly":true,"resources":[{"accountId":"949622803460","type":"AWS::KMS::Key","ARN":"arn:aws:kms:eu-central-1:949622803460:key/57a5636c-715e-4bdf-990c-b904d4c1a15f"}],"eventType":"AwsApiCall","managementEvent":true,"recipientAccountId":"949622803460","sharedEventID":"261c6ca4-c138-49bb-85d1-f17eab984f1d","eventCategory":"Management"},{"eventVersion":"1.09","userIdentity":{"type":"AWSService","invokedBy":"cloudtrail.amazonaws.com"},"eventTime":"2023-11-02T02:39:01Z","eventSource":"s3.amazonaws.com","eventName":"GetBucketAcl","awsRegion":"eu-central-1","sourceIPAddress":"cloudtrail.amazonaws.com","userAgent":"cloudtrail.amazonaws.com","requestParameters":{"bucketName":"forela-logstorage","Host":"forela-logstorage.s3.eu-central-1.amazonaws.com","acl":""},"responseElements":null,"additionalEventData":{"SignatureVersion":"SigV4","CipherSuite":"ECDHE-RSA-AES128-GCM-SHA256","bytesTransferredIn":0,"AuthenticationMethod":"AuthHeader","x-amz-id-2":"W0axClPruZ3zUYCaIDzGcId0bSXomIbqvEGdSIpDlzA3nofxYHrTQWXfZwsL220/NQmMsDNbHZuJJu/CBl2unA==","bytesTransferredOut":480},"requestID":"2SZCTEV82ZJ247Z4","eventID":"653a4af2-e540-4120-8932-af7ce19cead1","readOnly":true,"resources":[{"accountId":"949622803460","type":"AWS::S3::Bucket","ARN":"arn:aws:s3:::forela-logstorage"}],"eventType":"AwsApiCall","managementEvent":true,"recipientAccountId":"949622803460","sharedEventID":"08d1b268-1d2d-4717-80df-d90b2214d719","eventCategory":"Management"}]}