{"Records":[{"eventVersion":"1.09","userIdentity":{"type":"AWSService","invokedBy":"cloudtrail.amazonaws.com"},"eventTime":"2023-11-02T00:09:59Z","eventSource":"s3.amazonaws.com","eventName":"GetBucketAcl","awsRegion":"eu-central-1","sourceIPAddress":"cloudtrail.amazonaws.com","userAgent":"cloudtrail.amazonaws.com","requestParameters":{"bucketName":"forela-logstorage","Host":"forela-logstorage.s3.eu-central-1.amazonaws.com","acl":""},"responseElements":null,"additionalEventData":{"SignatureVersion":"SigV4","CipherSuite":"ECDHE-RSA-AES128-GCM-SHA256","bytesTransferredIn":0,"AuthenticationMethod":"AuthHeader","x-amz-id-2":"3yG8TK0Th3eabto1gOzNCIVd+I1iYphIVyFxCiNJvBqpaX1BRoA6gcHA3JWCRYcIxCruRMHVbIq+umU85xbi2w==","bytesTransferredOut":480},"requestID":"A1DA6SBNEMRQZ24N","eventID":"b02c7fb4-5a5f-4509-a0f7-4487bbff8150","readOnly":true,"resources":[{"accountId":"949622803460","type":"AWS::S3::Bucket","ARN":"arn:aws:s3:::forela-logstorage"}],"eventType":"AwsApiCall","managementEvent":true,"recipientAccountId":"949622803460","sharedEventID":"4e09b5b2-a071-48a0-bda7-ad6b1d2b83c5","eventCategory":"Management"}]}