{"Records":[{"eventVersion":"1.09","userIdentity":{"type":"AWSService","invokedBy":"cloudtrail.amazonaws.com"},"eventTime":"2023-11-02T03:37:58Z","eventSource":"s3.amazonaws.com","eventName":"PutObject","awsRegion":"eu-central-1","sourceIPAddress":"cloudtrail.amazonaws.com","userAgent":"cloudtrail.amazonaws.com","requestParameters":{"bucketName":"forela-logstorage","Host":"forela-logstorage.s3.eu-central-1.amazonaws.com","x-amz-acl":"bucket-owner-full-control","x-amz-server-side-encryption":"AES256","key":"AWSLogs/949622803460/CloudTrail-Digest/ap-south-2/2023/11/02/949622803460_CloudTrail-Digest_ap-south-2_forela-cloudwatch-logs_eu-central-1_20231102T031349Z.json.gz"},"responseElements":{"x-amz-server-side-encryption":"AES256"},"additionalEventData":{"SignatureVersion":"SigV4","CipherSuite":"ECDHE-RSA-AES128-GCM-SHA256","bytesTransferredIn":720,"SSEApplied":"SSE_S3","AuthenticationMethod":"AuthHeader","x-amz-id-2":"j1YvyQYpK/zOI6izIVyJIC9a4qX1H0QS6ZmmjLvNQMJ0LCBidoZTZTSiAGF7JVSWOszAos7oyUM=","bytesTransferredOut":0},"requestID":"16JJ7CZA5AV9CFBE","eventID":"c2d134e7-52de-4af2-a3c6-922a6b452a49","readOnly":false,"resources":[{"type":"AWS::S3::Object","ARN":"arn:aws:s3:::forela-logstorage/AWSLogs/949622803460/CloudTrail-Digest/ap-south-2/2023/11/02/949622803460_CloudTrail-Digest_ap-south-2_forela-cloudwatch-logs_eu-central-1_20231102T031349Z.json.gz"},{"accountId":"949622803460","type":"AWS::S3::Bucket","ARN":"arn:aws:s3:::forela-logstorage"}],"eventType":"AwsApiCall","managementEvent":false,"recipientAccountId":"949622803460","sharedEventID":"300770a6-ef82-4803-a7af-a8f3ab9cd6c0","eventCategory":"Data"},{"eventVersion":"1.09","userIdentity":{"type":"AWSService","invokedBy":"cloudtrail.amazonaws.com"},"eventTime":"2023-11-02T03:38:20Z","eventSource":"s3.amazonaws.com","eventName":"PutObject","awsRegion":"eu-central-1","sourceIPAddress":"cloudtrail.amazonaws.com","userAgent":"cloudtrail.amazonaws.com","requestParameters":{"bucketName":"forela-logstorage","Host":"forela-logstorage.s3.eu-central-1.amazonaws.com","x-amz-acl":"bucket-owner-full-control","x-amz-server-side-encryption":"AES256","key":"AWSLogs/949622803460/CloudTrail-Digest/ap-east-1/2023/11/02/949622803460_CloudTrail-Digest_ap-east-1_forela-cloudwatch-logs_eu-central-1_20231102T031349Z.json.gz"},"responseElements":{"x-amz-server-side-encryption":"AES256"},"additionalEventData":{"SignatureVersion":"SigV4","CipherSuite":"ECDHE-RSA-AES128-GCM-SHA256","bytesTransferredIn":721,"SSEApplied":"SSE_S3","AuthenticationMethod":"AuthHeader","x-amz-id-2":"qOvHEfcOq3U1KhDC8XzsM8pp+TGCFevio8cbaFWsVnEi6mzaUmCw7nEhIJAgIBkfoc3Lh9dQnq971XFDnkX9sw==","bytesTransferredOut":0},"requestID":"0FHN6Y7VTS4SQBMT","eventID":"3062ea16-4c61-4b06-8344-d18856d7fac7","readOnly":false,"resources":[{"type":"AWS::S3::Object","ARN":"arn:aws:s3:::forela-logstorage/AWSLogs/949622803460/CloudTrail-Digest/ap-east-1/2023/11/02/949622803460_CloudTrail-Digest_ap-east-1_forela-cloudwatch-logs_eu-central-1_20231102T031349Z.json.gz"},{"accountId":"949622803460","type":"AWS::S3::Bucket","ARN":"arn:aws:s3:::forela-logstorage"}],"eventType":"AwsApiCall","managementEvent":false,"recipientAccountId":"949622803460","sharedEventID":"b15208d2-b2ae-4bd3-949d-15b4fc7b3e57","eventCategory":"Data"},{"eventVersion":"1.09","userIdentity":{"type":"AWSService","invokedBy":"cloudtrail.amazonaws.com"},"eventTime":"2023-11-02T03:40:21Z","eventSource":"s3.amazonaws.com","eventName":"PutObject","awsRegion":"eu-central-1","sourceIPAddress":"cloudtrail.amazonaws.com","userAgent":"cloudtrail.amazonaws.com","requestParameters":{"bucketName":"forela-logstorage","Host":"forela-logstorage.s3.eu-central-1.amazonaws.com","x-amz-acl":"bucket-owner-full-control","x-amz-server-side-encryption":"AES256","key":"AWSLogs/949622803460/CloudTrail-Digest/ca-central-1/2023/11/02/949622803460_CloudTrail-Digest_ca-central-1_forela-cloudwatch-logs_eu-central-1_20231102T031349Z.json.gz"},"responseElements":{"x-amz-server-side-encryption":"AES256"},"additionalEventData":{"SignatureVersion":"SigV4","CipherSuite":"ECDHE-RSA-AES128-GCM-SHA256","bytesTransferredIn":713,"SSEApplied":"SSE_S3","AuthenticationMethod":"AuthHeader","x-amz-id-2":"jKp7eEmL8/hQV9LloDjGwQUBVJ2sLfwvmKCejx0ccMsR33jeWmBMJb+59gVpDeScan7dajMGjCn1iTO3haMH7w==","bytesTransferredOut":0},"requestID":"YXATSP39BYA7CW13","eventID":"257b5207-a2dc-48a0-89c2-cedd9d033655","readOnly":false,"resources":[{"type":"AWS::S3::Object","ARN":"arn:aws:s3:::forela-logstorage/AWSLogs/949622803460/CloudTrail-Digest/ca-central-1/2023/11/02/949622803460_CloudTrail-Digest_ca-central-1_forela-cloudwatch-logs_eu-central-1_20231102T031349Z.json.gz"},{"accountId":"949622803460","type":"AWS::S3::Bucket","ARN":"arn:aws:s3:::forela-logstorage"}],"eventType":"AwsApiCall","managementEvent":false,"recipientAccountId":"949622803460","sharedEventID":"4d6df709-9420-4d8c-a79c-64c89ec71b11","eventCategory":"Data"},{"eventVersion":"1.09","userIdentity":{"type":"AWSService","invokedBy":"cloudtrail.amazonaws.com"},"eventTime":"2023-11-02T03:41:00Z","eventSource":"s3.amazonaws.com","eventName":"PutObject","awsRegion":"eu-central-1","sourceIPAddress":"cloudtrail.amazonaws.com","userAgent":"cloudtrail.amazonaws.com","requestParameters":{"bucketName":"forela-logstorage","Host":"forela-logstorage.s3.eu-central-1.amazonaws.com","x-amz-acl":"bucket-owner-full-control","x-amz-server-side-encryption":"AES256","key":"AWSLogs/949622803460/CloudTrail-Digest/us-east-1/2023/11/02/949622803460_CloudTrail-Digest_us-east-1_forela-cloudwatch-logs_eu-central-1_20231102T031349Z.json.gz"},"responseElements":{"x-amz-server-side-encryption":"AES256"},"additionalEventData":{"SignatureVersion":"SigV4","CipherSuite":"ECDHE-RSA-AES128-GCM-SHA256","bytesTransferredIn":975,"SSEApplied":"SSE_S3","AuthenticationMethod":"AuthHeader","x-amz-id-2":"QHcKrnippimnYZ+wPbxWZhVkjikDgw0XEBX5xPQQqZ7gj8JNmDmAIvXSgiPAWL2c4zc+3Lt8B/0=","bytesTransferredOut":0},"requestID":"81GZS3KV8YNKVAXE","eventID":"428b389a-4ae0-4424-bd1f-55b42e8bbbcb","readOnly":false,"resources":[{"type":"AWS::S3::Object","ARN":"arn:aws:s3:::forela-logstorage/AWSLogs/949622803460/CloudTrail-Digest/us-east-1/2023/11/02/949622803460_CloudTrail-Digest_us-east-1_forela-cloudwatch-logs_eu-central-1_20231102T031349Z.json.gz"},{"accountId":"949622803460","type":"AWS::S3::Bucket","ARN":"arn:aws:s3:::forela-logstorage"}],"eventType":"AwsApiCall","managementEvent":false,"recipientAccountId":"949622803460","sharedEventID":"629e38fb-84a0-44f3-bbd7-afe253dab1c8","eventCategory":"Data"}]}