{"Records":[{"eventVersion":"1.08","userIdentity":{"type":"AssumedRole","principalId":"AROA52GPOBQCC7XDYTFFH:resource-explorer-2","arn":"arn:aws:sts::949622803460:assumed-role/AWSServiceRoleForResourceExplorer/resource-explorer-2","accountId":"949622803460","sessionContext":{"sessionIssuer":{"type":"Role","principalId":"AROA52GPOBQCC7XDYTFFH","arn":"arn:aws:iam::949622803460:role/aws-service-role/resource-explorer-2.amazonaws.com/AWSServiceRoleForResourceExplorer","accountId":"949622803460","userName":"AWSServiceRoleForResourceExplorer"},"webIdFederationData":{},"attributes":{"creationDate":"2023-11-03T07:36:23Z","mfaAuthenticated":"false"}},"invokedBy":"resource-explorer-2.amazonaws.com"},"eventTime":"2023-11-03T07:36:23Z","eventSource":"ec2.amazonaws.com","eventName":"DescribeFlowLogs","awsRegion":"ap-south-1","sourceIPAddress":"resource-explorer-2.amazonaws.com","userAgent":"resource-explorer-2.amazonaws.com","requestParameters":{"DescribeFlowLogsRequest":{"MaxResults":1000}},"responseElements":null,"requestID":"36df6f7d-cdbd-4d1a-9bb9-3b3bb984ea18","eventID":"ae781209-db87-4301-a64c-8c3210b9642a","readOnly":true,"eventType":"AwsApiCall","managementEvent":true,"recipientAccountId":"949622803460","eventCategory":"Management"}]}