{"Records":[{"eventVersion":"1.08","userIdentity":{"type":"AssumedRole","principalId":"AROA52GPOBQCC7XDYTFFH:resource-explorer-2","arn":"arn:aws:sts::949622803460:assumed-role/AWSServiceRoleForResourceExplorer/resource-explorer-2","accountId":"949622803460","sessionContext":{"sessionIssuer":{"type":"Role","principalId":"AROA52GPOBQCC7XDYTFFH","arn":"arn:aws:iam::949622803460:role/aws-service-role/resource-explorer-2.amazonaws.com/AWSServiceRoleForResourceExplorer","accountId":"949622803460","userName":"AWSServiceRoleForResourceExplorer"},"webIdFederationData":{},"attributes":{"creationDate":"2023-11-03T04:58:08Z","mfaAuthenticated":"false"}},"invokedBy":"resource-explorer-2.amazonaws.com"},"eventTime":"2023-11-03T04:58:08Z","eventSource":"ec2.amazonaws.com","eventName":"DescribeRouteTables","awsRegion":"ap-south-1","sourceIPAddress":"resource-explorer-2.amazonaws.com","userAgent":"resource-explorer-2.amazonaws.com","requestParameters":{"maxResults":100,"routeTableIdSet":{},"filterSet":{}},"responseElements":null,"requestID":"7a613997-4866-42a1-a994-28de1b278bb7","eventID":"fc1d31e5-54ad-4430-b030-b66792bbfcf8","readOnly":true,"eventType":"AwsApiCall","managementEvent":true,"recipientAccountId":"949622803460","eventCategory":"Management"}]}