{"Records":[{"eventVersion":"1.09","userIdentity":{"accountId":"949622803460","invokedBy":"resource-explorer-2.amazonaws.com"},"eventTime":"2023-11-02T17:12:36Z","eventSource":"cloudtrail.amazonaws.com","eventName":"GetServiceLinkedChannel","awsRegion":"ap-southeast-2","sourceIPAddress":"resource-explorer-2.amazonaws.com","userAgent":"resource-explorer-2.amazonaws.com","requestParameters":null,"responseElements":null,"requestID":"b174f780-77a7-4082-84ab-32fcc77f7af1","eventID":"17006731-c141-48e8-8d8a-c126d2fc8755","readOnly":true,"resources":[{"accountId":"949622803460","type":"AWS::CloudTrail::Channel","ARN":"arn:aws:cloudtrail:ap-southeast-2:949622803460:channel/aws-service-channel/resource-explorer-2/e37b72cc-bdcc-4981-9d2a-3e5e07df7944"}],"eventType":"AwsServiceEvent","managementEvent":true,"recipientAccountId":"949622803460","eventCategory":"Management"}]}