{"Records":[{"eventVersion":"1.09","userIdentity":{"accountId":"949622803460","invokedBy":"resource-explorer-2.amazonaws.com"},"eventTime":"2023-11-02T16:25:39Z","eventSource":"cloudtrail.amazonaws.com","eventName":"GetServiceLinkedChannel","awsRegion":"ap-south-1","sourceIPAddress":"resource-explorer-2.amazonaws.com","userAgent":"resource-explorer-2.amazonaws.com","requestParameters":null,"responseElements":null,"requestID":"5095e2c0-f773-4d89-8c0d-1a8693359b85","eventID":"13b460db-bff4-47a9-9b2f-36dbff1c5cdc","readOnly":true,"resources":[{"accountId":"949622803460","type":"AWS::CloudTrail::Channel","ARN":"arn:aws:cloudtrail:ap-south-1:949622803460:channel/aws-service-channel/resource-explorer-2/8b7d9e38-7c30-4fe1-b4d4-cfcc4f656f4f"}],"eventType":"AwsServiceEvent","managementEvent":true,"recipientAccountId":"949622803460","eventCategory":"Management"}]}