{"Records":[{"eventVersion":"1.08","userIdentity":{"type":"AssumedRole","principalId":"AROA52GPOBQCC7XDYTFFH:resource-explorer-2","arn":"arn:aws:sts::949622803460:assumed-role/AWSServiceRoleForResourceExplorer/resource-explorer-2","accountId":"949622803460","accessKeyId":"ASIA52GPOBQCDODSTRUJ","sessionContext":{"sessionIssuer":{"type":"Role","principalId":"AROA52GPOBQCC7XDYTFFH","arn":"arn:aws:iam::949622803460:role/aws-service-role/resource-explorer-2.amazonaws.com/AWSServiceRoleForResourceExplorer","accountId":"949622803460","userName":"AWSServiceRoleForResourceExplorer"},"webIdFederationData":{},"attributes":{"creationDate":"2023-11-02T17:38:06Z","mfaAuthenticated":"false"}},"invokedBy":"resource-explorer-2.amazonaws.com"},"eventTime":"2023-11-02T17:38:06Z","eventSource":"ssm.amazonaws.com","eventName":"DescribePatchBaselines","awsRegion":"ap-south-1","sourceIPAddress":"resource-explorer-2.amazonaws.com","userAgent":"resource-explorer-2.amazonaws.com","requestParameters":null,"responseElements":null,"requestID":"cf2fe112-2d92-4b2e-802f-e90fe00a7dd1","eventID":"14599c4a-b859-4abd-8d15-e9b27ed7f78e","readOnly":true,"eventType":"AwsApiCall","managementEvent":true,"recipientAccountId":"949622803460","eventCategory":"Management"}]}