{"Records":[{"eventVersion":"1.08","userIdentity":{"type":"AssumedRole","principalId":"AROA52GPOBQCC7XDYTFFH:resource-explorer-2","arn":"arn:aws:sts::949622803460:assumed-role/AWSServiceRoleForResourceExplorer/resource-explorer-2","accountId":"949622803460","accessKeyId":"ASIA52GPOBQCHPNBPX7L","sessionContext":{"sessionIssuer":{"type":"Role","principalId":"AROA52GPOBQCC7XDYTFFH","arn":"arn:aws:iam::949622803460:role/aws-service-role/resource-explorer-2.amazonaws.com/AWSServiceRoleForResourceExplorer","accountId":"949622803460","userName":"AWSServiceRoleForResourceExplorer"},"webIdFederationData":{},"attributes":{"creationDate":"2023-11-02T01:25:37Z","mfaAuthenticated":"false"}},"invokedBy":"resource-explorer-2.amazonaws.com"},"eventTime":"2023-11-02T01:25:37Z","eventSource":"rds.amazonaws.com","eventName":"DescribeDBClusters","awsRegion":"ap-south-1","sourceIPAddress":"resource-explorer-2.amazonaws.com","userAgent":"resource-explorer-2.amazonaws.com","requestParameters":{"maxRecords":60,"includeShared":false,"filters":[{"name":"engine","values":["neptune"]}]},"responseElements":null,"requestID":"3b52b3df-9068-4430-a278-dace7e25efe4","eventID":"31cb46f9-f71e-4fec-8b89-b3fa12fdebb8","readOnly":true,"eventType":"AwsApiCall","managementEvent":true,"recipientAccountId":"949622803460","eventCategory":"Management"}]}