{"Records":[{"eventVersion":"1.09","userIdentity":{"accountId":"949622803460","invokedBy":"resource-explorer-2.amazonaws.com"},"eventTime":"2023-11-02T17:38:21Z","eventSource":"cloudtrail.amazonaws.com","eventName":"GetServiceLinkedChannel","awsRegion":"ap-northeast-2","sourceIPAddress":"resource-explorer-2.amazonaws.com","userAgent":"resource-explorer-2.amazonaws.com","requestParameters":null,"responseElements":null,"requestID":"9a74d809-433e-432a-804e-a48634932160","eventID":"ba26e3dc-c260-4b10-96d6-1d395d61fc60","readOnly":true,"resources":[{"accountId":"949622803460","type":"AWS::CloudTrail::Channel","ARN":"arn:aws:cloudtrail:ap-northeast-2:949622803460:channel/aws-service-channel/resource-explorer-2/5d0f101f-0e91-4cbc-9d8d-54bb0d785646"}],"eventType":"AwsServiceEvent","managementEvent":true,"recipientAccountId":"949622803460","eventCategory":"Management"}]}