{"Records":[{"eventVersion":"1.09","userIdentity":{"accountId":"949622803460","invokedBy":"resource-explorer-2.amazonaws.com"},"eventTime":"2023-11-02T16:40:40Z","eventSource":"cloudtrail.amazonaws.com","eventName":"GetServiceLinkedChannel","awsRegion":"ca-central-1","sourceIPAddress":"resource-explorer-2.amazonaws.com","userAgent":"resource-explorer-2.amazonaws.com","requestParameters":null,"responseElements":null,"requestID":"7b9ed42d-45bb-4652-885d-21a937a4e687","eventID":"b7d98dc1-b2dc-47a6-a37c-970460276f56","readOnly":true,"resources":[{"accountId":"949622803460","type":"AWS::CloudTrail::Channel","ARN":"arn:aws:cloudtrail:ca-central-1:949622803460:channel/aws-service-channel/resource-explorer-2/83ac086d-8c53-4de4-a166-7c6268c01f62"}],"eventType":"AwsServiceEvent","managementEvent":true,"recipientAccountId":"949622803460","eventCategory":"Management"}]}